video,category,scene,frame_idx,time,gt_frame,gt_path,prompt,frame_path
0001-handfan1,handfan,,0,0.2084,27,/data/datasets/pvtt_new/pvtt-evaluation/datasets_new/masks/0001-handfan1/00028.jpg,handfan,/data/liuluyan/sam3/sam3_pvtt_full/frames/0001-handfan1/frame_00.jpg
0001-handfan1,handfan,,1,0.6251,81,/data/datasets/pvtt_new/pvtt-evaluation/datasets_new/masks/0001-handfan1/00082.jpg,handfan,/data/liuluyan/sam3/sam3_pvtt_full/frames/0001-handfan1/frame_01.jpg
0001-handfan1,handfan,,2,1.0419,135,/data/datasets/pvtt_new/pvtt-evaluation/datasets_new/masks/0001-handfan1/00136.jpg,handfan,/data/liuluyan/sam3/sam3_pvtt_full/frames/0001-handfan1/frame_02.jpg
0001-handfan1,handfan,,3,1.4586,189,/data/datasets/pvtt_new/pvtt-evaluation/datasets_new/masks/0001-handfan1/00190.jpg,handfan,/data/liuluyan/sam3/sam3_pvtt_full/frames/0001-handfan1/frame_03.jpg
0001-handfan1,handfan,,4,1.8754,244,/data/datasets/pvtt_new/pvtt-evaluation/datasets_new/masks/0001-handfan1/00245.jpg,handfan,/data/liuluyan/sam3/sam3_pvtt_full/frames/0001-handfan1/frame_04.jpg
0001-handfan1,handfan,,5,2.2921,298,/data/datasets/pvtt_new/pvtt-evaluation/datasets_new/masks/0001-handfan1/00299.jpg,handfan,/data/liuluyan/sam3/sam3_pvtt_full/frames/0001-handfan1/frame_05.jpg
0001-handfan1,handfan,,6,2.7089,352,/data/datasets/pvtt_new/pvtt-evaluation/datasets_new/masks/0001-handfan1/00353.jpg,handfan,/data/liuluyan/sam3/sam3_pvtt_full/frames/0001-handfan1/frame_06.jpg
0001-handfan1,handfan,,7,3.1256,406,/data/datasets/pvtt_new/pvtt-evaluation/datasets_new/masks/0001-handfan1/00407.jpg,handfan,/data/liuluyan/sam3/sam3_pvtt_full/frames/0001-handfan1/frame_07.jpg
0002-handfan2,handfan,,0,0.2031,5,/data/datasets/pvtt_new/pvtt-evaluation/datasets_new/masks/0002-handfan2/00006.jpg,handfan,/data/liuluyan/sam3/sam3_pvtt_full/frames/0002-handfan2/frame_00.jpg
0002-handfan2,handfan,,1,0.6094,14,/data/datasets/pvtt_new/pvtt-evaluation/datasets_new/masks/0002-handfan2/00015.jpg,handfan,/data/liuluyan/sam3/sam3_pvtt_full/frames/0002-handfan2/frame_01.jpg
0002-handfan2,handfan,,2,1.0156,24,/data/datasets/pvtt_new/pvtt-evaluation/datasets_new/masks/0002-handfan2/00025.jpg,handfan,/data/liuluyan/sam3/sam3_pvtt_full/frames/0002-handfan2/frame_02.jpg
0002-handfan2,handfan,,3,1.4219,34,/data/datasets/pvtt_new/pvtt-evaluation/datasets_new/masks/0002-handfan2/00035.jpg,handfan,/data/liuluyan/sam3/sam3_pvtt_full/frames/0002-handfan2/frame_03.jpg
0002-handfan2,handfan,,4,1.8281,43,/data/datasets/pvtt_new/pvtt-evaluation/datasets_new/masks/0002-handfan2/00044.jpg,handfan,/data/liuluyan/sam3/sam3_pvtt_full/frames/0002-handfan2/frame_04.jpg
0002-handfan2,handfan,,5,2.2344,53,/data/datasets/pvtt_new/pvtt-evaluation/datasets_new/masks/0002-handfan2/00054.jpg,handfan,/data/liuluyan/sam3/sam3_pvtt_full/frames/0002-handfan2/frame_05.jpg
0002-handfan2,handfan,,6,2.6406,63,/data/datasets/pvtt_new/pvtt-evaluation/datasets_new/masks/0002-handfan2/00064.jpg,handfan,/data/liuluyan/sam3/sam3_pvtt_full/frames/0002-handfan2/frame_06.jpg
0002-handfan2,handfan,,7,3.0469,72,/data/datasets/pvtt_new/pvtt-evaluation/datasets_new/masks/0002-handfan2/00073.jpg,handfan,/data/liuluyan/sam3/sam3_pvtt_full/frames/0002-handfan2/frame_07.jpg
0003-handfan3,handfan,,0,0.2084,23,/data/datasets/pvtt_new/pvtt-evaluation/datasets_new/masks/0003-handfan3/00024.jpg,handfan,/data/liuluyan/sam3/sam3_pvtt_full/frames/0003-handfan3/frame_00.jpg
0003-handfan3,handfan,,1,0.6251,70,/data/datasets/pvtt_new/pvtt-evaluation/datasets_new/masks/0003-handfan3/00071.jpg,handfan,/data/liuluyan/sam3/sam3_pvtt_full/frames/0003-handfan3/frame_01.jpg
0003-handfan3,handfan,,2,1.0419,117,/data/datasets/pvtt_new/pvtt-evaluation/datasets_new/masks/0003-handfan3/00118.jpg,handfan,/data/liuluyan/sam3/sam3_pvtt_full/frames/0003-handfan3/frame_02.jpg
0003-handfan3,handfan,,3,1.4586,164,/data/datasets/pvtt_new/pvtt-evaluation/datasets_new/masks/0003-handfan3/00165.jpg,handfan,/data/liuluyan/sam3/sam3_pvtt_full/frames/0003-handfan3/frame_03.jpg
0003-handfan3,handfan,,4,1.8754,210,/data/datasets/pvtt_new/pvtt-evaluation/datasets_new/masks/0003-handfan3/00211.jpg,handfan,/data/liuluyan/sam3/sam3_pvtt_full/frames/0003-handfan3/frame_04.jpg
0003-handfan3,handfan,,5,2.2921,257,/data/datasets/pvtt_new/pvtt-evaluation/datasets_new/masks/0003-handfan3/00258.jpg,handfan,/data/liuluyan/sam3/sam3_pvtt_full/frames/0003-handfan3/frame_05.jpg
0003-handfan3,handfan,,6,2.7089,304,/data/datasets/pvtt_new/pvtt-evaluation/datasets_new/masks/0003-handfan3/00305.jpg,handfan,/data/liuluyan/sam3/sam3_pvtt_full/frames/0003-handfan3/frame_06.jpg
0003-handfan3,handfan,,7,3.1256,351,/data/datasets/pvtt_new/pvtt-evaluation/datasets_new/masks/0003-handfan3/00352.jpg,handfan,/data/liuluyan/sam3/sam3_pvtt_full/frames/0003-handfan3/frame_07.jpg
0004-handfan4,handfan,,0,0.125,13,/data/datasets/pvtt_new/pvtt-evaluation/datasets_new/masks/0004-handfan4/00014.jpg,handfan,/data/liuluyan/sam3/sam3_pvtt_full/frames/0004-handfan4/frame_00.jpg
0004-handfan4,handfan,,1,0.375,40,/data/datasets/pvtt_new/pvtt-evaluation/datasets_new/masks/0004-handfan4/00041.jpg,handfan,/data/liuluyan/sam3/sam3_pvtt_full/frames/0004-handfan4/frame_01.jpg
0004-handfan4,handfan,,2,0.625,66,/data/datasets/pvtt_new/pvtt-evaluation/datasets_new/masks/0004-handfan4/00067.jpg,handfan,/data/liuluyan/sam3/sam3_pvtt_full/frames/0004-handfan4/frame_02.jpg
0004-handfan4,handfan,,3,0.875,93,/data/datasets/pvtt_new/pvtt-evaluation/datasets_new/masks/0004-handfan4/00094.jpg,handfan,/data/liuluyan/sam3/sam3_pvtt_full/frames/0004-handfan4/frame_03.jpg
0004-handfan4,handfan,,4,1.125,119,/data/datasets/pvtt_new/pvtt-evaluation/datasets_new/masks/0004-handfan4/00120.jpg,handfan,/data/liuluyan/sam3/sam3_pvtt_full/frames/0004-handfan4/frame_04.jpg
0004-handfan4,handfan,,5,1.375,146,/data/datasets/pvtt_new/pvtt-evaluation/datasets_new/masks/0004-handfan4/00147.jpg,handfan,/data/liuluyan/sam3/sam3_pvtt_full/frames/0004-handfan4/frame_05.jpg
0004-handfan4,handfan,,6,1.625,172,/data/datasets/pvtt_new/pvtt-evaluation/datasets_new/masks/0004-handfan4/00173.jpg,handfan,/data/liuluyan/sam3/sam3_pvtt_full/frames/0004-handfan4/frame_06.jpg
0004-handfan4,handfan,,7,1.875,199,/data/datasets/pvtt_new/pvtt-evaluation/datasets_new/masks/0004-handfan4/00200.jpg,handfan,/data/liuluyan/sam3/sam3_pvtt_full/frames/0004-handfan4/frame_07.jpg
0005-handfan5_scene01,handfan,01,0,0.1834,5,/data/datasets/pvtt_new/pvtt-evaluation/datasets_new/masks/0005-handfan5_scene01/00006.jpg,handfan,/data/liuluyan/sam3/sam3_pvtt_full/frames/0005-handfan5_scene01/frame_00.jpg
0005-handfan5_scene01,handfan,01,1,0.5501,16,/data/datasets/pvtt_new/pvtt-evaluation/datasets_new/masks/0005-handfan5_scene01/00017.jpg,handfan,/data/liuluyan/sam3/sam3_pvtt_full/frames/0005-handfan5_scene01/frame_01.jpg
0005-handfan5_scene01,handfan,01,2,0.9169,27,/data/datasets/pvtt_new/pvtt-evaluation/datasets_new/masks/0005-handfan5_scene01/00028.jpg,handfan,/data/liuluyan/sam3/sam3_pvtt_full/frames/0005-handfan5_scene01/frame_02.jpg
0005-handfan5_scene01,handfan,01,3,1.2836,38,/data/datasets/pvtt_new/pvtt-evaluation/datasets_new/masks/0005-handfan5_scene01/00039.jpg,handfan,/data/liuluyan/sam3/sam3_pvtt_full/frames/0005-handfan5_scene01/frame_03.jpg
0005-handfan5_scene01,handfan,01,4,1.6504,49,/data/datasets/pvtt_new/pvtt-evaluation/datasets_new/masks/0005-handfan5_scene01/00050.jpg,handfan,/data/liuluyan/sam3/sam3_pvtt_full/frames/0005-handfan5_scene01/frame_04.jpg
0005-handfan5_scene01,handfan,01,5,2.0171,60,/data/datasets/pvtt_new/pvtt-evaluation/datasets_new/masks/0005-handfan5_scene01/00061.jpg,handfan,/data/liuluyan/sam3/sam3_pvtt_full/frames/0005-handfan5_scene01/frame_05.jpg
0005-handfan5_scene01,handfan,01,6,2.3839,71,/data/datasets/pvtt_new/pvtt-evaluation/datasets_new/masks/0005-handfan5_scene01/00072.jpg,handfan,/data/liuluyan/sam3/sam3_pvtt_full/frames/0005-handfan5_scene01/frame_06.jpg
0005-handfan5_scene01,handfan,01,7,2.7506,82,/data/datasets/pvtt_new/pvtt-evaluation/datasets_new/masks/0005-handfan5_scene01/00083.jpg,handfan,/data/liuluyan/sam3/sam3_pvtt_full/frames/0005-handfan5_scene01/frame_07.jpg
0005-handfan5_scene02,handfan,02,0,0.2084,10,/data/datasets/pvtt_new/pvtt-evaluation/datasets_new/masks/0005-handfan5_scene02/00011.jpg,handfan,/data/liuluyan/sam3/sam3_pvtt_full/frames/0005-handfan5_scene02/frame_00.jpg
0005-handfan5_scene02,handfan,02,1,0.6251,29,/data/datasets/pvtt_new/pvtt-evaluation/datasets_new/masks/0005-handfan5_scene02/00030.jpg,handfan,/data/liuluyan/sam3/sam3_pvtt_full/frames/0005-handfan5_scene02/frame_01.jpg
0005-handfan5_scene02,handfan,02,2,1.0419,49,/data/datasets/pvtt_new/pvtt-evaluation/datasets_new/masks/0005-handfan5_scene02/00050.jpg,handfan,/data/liuluyan/sam3/sam3_pvtt_full/frames/0005-handfan5_scene02/frame_02.jpg
0005-handfan5_scene02,handfan,02,3,1.4586,68,/data/datasets/pvtt_new/pvtt-evaluation/datasets_new/masks/0005-handfan5_scene02/00069.jpg,handfan,/data/liuluyan/sam3/sam3_pvtt_full/frames/0005-handfan5_scene02/frame_03.jpg
0005-handfan5_scene02,handfan,02,4,1.8754,88,/data/datasets/pvtt_new/pvtt-evaluation/datasets_new/masks/0005-handfan5_scene02/00089.jpg,handfan,/data/liuluyan/sam3/sam3_pvtt_full/frames/0005-handfan5_scene02/frame_04.jpg
0005-handfan5_scene02,handfan,02,5,2.2921,107,/data/datasets/pvtt_new/pvtt-evaluation/datasets_new/masks/0005-handfan5_scene02/00108.jpg,handfan,/data/liuluyan/sam3/sam3_pvtt_full/frames/0005-handfan5_scene02/frame_05.jpg
0005-handfan5_scene02,handfan,02,6,2.7089,127,/data/datasets/pvtt_new/pvtt-evaluation/datasets_new/masks/0005-handfan5_scene02/00128.jpg,handfan,/data/liuluyan/sam3/sam3_pvtt_full/frames/0005-handfan5_scene02/frame_06.jpg
0005-handfan5_scene02,handfan,02,7,3.1256,146,/data/datasets/pvtt_new/pvtt-evaluation/datasets_new/masks/0005-handfan5_scene02/00147.jpg,handfan,/data/liuluyan/sam3/sam3_pvtt_full/frames/0005-handfan5_scene02/frame_07.jpg
0006-sunglasses1_scene01,sunglasses,01,0,0.2084,14,/data/datasets/pvtt_new/pvtt-evaluation/datasets_new/masks/0006-sunglasses1_scene01/00015.jpg,sunglasses,/data/liuluyan/sam3/sam3_pvtt_full/frames/0006-sunglasses1_scene01/frame_00.jpg
0006-sunglasses1_scene01,sunglasses,01,1,0.6251,41,/data/datasets/pvtt_new/pvtt-evaluation/datasets_new/masks/0006-sunglasses1_scene01/00042.jpg,sunglasses,/data/liuluyan/sam3/sam3_pvtt_full/frames/0006-sunglasses1_scene01/frame_01.jpg
0006-sunglasses1_scene01,sunglasses,01,2,1.0419,68,/data/datasets/pvtt_new/pvtt-evaluation/datasets_new/masks/0006-sunglasses1_scene01/00069.jpg,sunglasses,/data/liuluyan/sam3/sam3_pvtt_full/frames/0006-sunglasses1_scene01/frame_02.jpg
0006-sunglasses1_scene01,sunglasses,01,3,1.4586,96,/data/datasets/pvtt_new/pvtt-evaluation/datasets_new/masks/0006-sunglasses1_scene01/00097.jpg,sunglasses,/data/liuluyan/sam3/sam3_pvtt_full/frames/0006-sunglasses1_scene01/frame_03.jpg
0006-sunglasses1_scene01,sunglasses,01,4,1.8754,123,/data/datasets/pvtt_new/pvtt-evaluation/datasets_new/masks/0006-sunglasses1_scene01/00124.jpg,sunglasses,/data/liuluyan/sam3/sam3_pvtt_full/frames/0006-sunglasses1_scene01/frame_04.jpg
0006-sunglasses1_scene01,sunglasses,01,5,2.2921,151,/data/datasets/pvtt_new/pvtt-evaluation/datasets_new/masks/0006-sunglasses1_scene01/00152.jpg,sunglasses,/data/liuluyan/sam3/sam3_pvtt_full/frames/0006-sunglasses1_scene01/frame_05.jpg
0006-sunglasses1_scene01,sunglasses,01,6,2.7089,178,/data/datasets/pvtt_new/pvtt-evaluation/datasets_new/masks/0006-sunglasses1_scene01/00179.jpg,sunglasses,/data/liuluyan/sam3/sam3_pvtt_full/frames/0006-sunglasses1_scene01/frame_06.jpg
0006-sunglasses1_scene01,sunglasses,01,7,3.1256,205,/data/datasets/pvtt_new/pvtt-evaluation/datasets_new/masks/0006-sunglasses1_scene01/00206.jpg,sunglasses,/data/liuluyan/sam3/sam3_pvtt_full/frames/0006-sunglasses1_scene01/frame_07.jpg
0006-sunglasses1_scene02,sunglasses,02,0,0.2084,14,/data/datasets/pvtt_new/pvtt-evaluation/datasets_new/masks/0006-sunglasses1_scene02/00015.jpg,sunglasses,/data/liuluyan/sam3/sam3_pvtt_full/frames/0006-sunglasses1_scene02/frame_00.jpg
0006-sunglasses1_scene02,sunglasses,02,1,0.6251,43,/data/datasets/pvtt_new/pvtt-evaluation/datasets_new/masks/0006-sunglasses1_scene02/00044.jpg,sunglasses,/data/liuluyan/sam3/sam3_pvtt_full/frames/0006-sunglasses1_scene02/frame_01.jpg
0006-sunglasses1_scene02,sunglasses,02,2,1.0419,71,/data/datasets/pvtt_new/pvtt-evaluation/datasets_new/masks/0006-sunglasses1_scene02/00072.jpg,sunglasses,/data/liuluyan/sam3/sam3_pvtt_full/frames/0006-sunglasses1_scene02/frame_02.jpg
0006-sunglasses1_scene02,sunglasses,02,3,1.4586,99,/data/datasets/pvtt_new/pvtt-evaluation/datasets_new/masks/0006-sunglasses1_scene02/00100.jpg,sunglasses,/data/liuluyan/sam3/sam3_pvtt_full/frames/0006-sunglasses1_scene02/frame_03.jpg
0006-sunglasses1_scene02,sunglasses,02,4,1.8754,128,/data/datasets/pvtt_new/pvtt-evaluation/datasets_new/masks/0006-sunglasses1_scene02/00129.jpg,sunglasses,/data/liuluyan/sam3/sam3_pvtt_full/frames/0006-sunglasses1_scene02/frame_04.jpg
0006-sunglasses1_scene02,sunglasses,02,5,2.2921,156,/data/datasets/pvtt_new/pvtt-evaluation/datasets_new/masks/0006-sunglasses1_scene02/00157.jpg,sunglasses,/data/liuluyan/sam3/sam3_pvtt_full/frames/0006-sunglasses1_scene02/frame_05.jpg
0006-sunglasses1_scene02,sunglasses,02,6,2.7089,184,/data/datasets/pvtt_new/pvtt-evaluation/datasets_new/masks/0006-sunglasses1_scene02/00185.jpg,sunglasses,/data/liuluyan/sam3/sam3_pvtt_full/frames/0006-sunglasses1_scene02/frame_06.jpg
0006-sunglasses1_scene02,sunglasses,02,7,3.1256,213,/data/datasets/pvtt_new/pvtt-evaluation/datasets_new/masks/0006-sunglasses1_scene02/00214.jpg,sunglasses,/data/liuluyan/sam3/sam3_pvtt_full/frames/0006-sunglasses1_scene02/frame_07.jpg
0007-sunglasses2,sunglasses,,0,0.1043,51,/data/datasets/pvtt_new/pvtt-evaluation/datasets_new/masks/0007-sunglasses2/00052.jpg,sunglasses,/data/liuluyan/sam3/sam3_pvtt_full/frames/0007-sunglasses2/frame_00.jpg
0007-sunglasses2,sunglasses,,1,0.3129,154,/data/datasets/pvtt_new/pvtt-evaluation/datasets_new/masks/0007-sunglasses2/00155.jpg,sunglasses,/data/liuluyan/sam3/sam3_pvtt_full/frames/0007-sunglasses2/frame_01.jpg
0007-sunglasses2,sunglasses,,2,0.5216,257,/data/datasets/pvtt_new/pvtt-evaluation/datasets_new/masks/0007-sunglasses2/00258.jpg,sunglasses,/data/liuluyan/sam3/sam3_pvtt_full/frames/0007-sunglasses2/frame_02.jpg
0007-sunglasses2,sunglasses,,3,0.7302,359,/data/datasets/pvtt_new/pvtt-evaluation/datasets_new/masks/0007-sunglasses2/00360.jpg,sunglasses,/data/liuluyan/sam3/sam3_pvtt_full/frames/0007-sunglasses2/frame_03.jpg
0007-sunglasses2,sunglasses,,4,0.9388,462,/data/datasets/pvtt_new/pvtt-evaluation/datasets_new/masks/0007-sunglasses2/00463.jpg,sunglasses,/data/liuluyan/sam3/sam3_pvtt_full/frames/0007-sunglasses2/frame_04.jpg
0007-sunglasses2,sunglasses,,5,1.1474,564,/data/datasets/pvtt_new/pvtt-evaluation/datasets_new/masks/0007-sunglasses2/00565.jpg,sunglasses,/data/liuluyan/sam3/sam3_pvtt_full/frames/0007-sunglasses2/frame_05.jpg
0007-sunglasses2,sunglasses,,6,1.3561,667,/data/datasets/pvtt_new/pvtt-evaluation/datasets_new/masks/0007-sunglasses2/00668.jpg,sunglasses,/data/liuluyan/sam3/sam3_pvtt_full/frames/0007-sunglasses2/frame_06.jpg
0007-sunglasses2,sunglasses,,7,1.5647,770,/data/datasets/pvtt_new/pvtt-evaluation/datasets_new/masks/0007-sunglasses2/00771.jpg,sunglasses,/data/liuluyan/sam3/sam3_pvtt_full/frames/0007-sunglasses2/frame_07.jpg
0008-sunglasses3,sunglasses,,0,0.2084,23,/data/datasets/pvtt_new/pvtt-evaluation/datasets_new/masks/0008-sunglasses3/00024.jpg,sunglasses,/data/liuluyan/sam3/sam3_pvtt_full/frames/0008-sunglasses3/frame_00.jpg
0008-sunglasses3,sunglasses,,1,0.6251,70,/data/datasets/pvtt_new/pvtt-evaluation/datasets_new/masks/0008-sunglasses3/00071.jpg,sunglasses,/data/liuluyan/sam3/sam3_pvtt_full/frames/0008-sunglasses3/frame_01.jpg
0008-sunglasses3,sunglasses,,2,1.0419,117,/data/datasets/pvtt_new/pvtt-evaluation/datasets_new/masks/0008-sunglasses3/00118.jpg,sunglasses,/data/liuluyan/sam3/sam3_pvtt_full/frames/0008-sunglasses3/frame_02.jpg
0008-sunglasses3,sunglasses,,3,1.4586,164,/data/datasets/pvtt_new/pvtt-evaluation/datasets_new/masks/0008-sunglasses3/00165.jpg,sunglasses,/data/liuluyan/sam3/sam3_pvtt_full/frames/0008-sunglasses3/frame_03.jpg
0008-sunglasses3,sunglasses,,4,1.8754,210,/data/datasets/pvtt_new/pvtt-evaluation/datasets_new/masks/0008-sunglasses3/00211.jpg,sunglasses,/data/liuluyan/sam3/sam3_pvtt_full/frames/0008-sunglasses3/frame_04.jpg
0008-sunglasses3,sunglasses,,5,2.2921,257,/data/datasets/pvtt_new/pvtt-evaluation/datasets_new/masks/0008-sunglasses3/00258.jpg,sunglasses,/data/liuluyan/sam3/sam3_pvtt_full/frames/0008-sunglasses3/frame_05.jpg
0008-sunglasses3,sunglasses,,6,2.7089,304,/data/datasets/pvtt_new/pvtt-evaluation/datasets_new/masks/0008-sunglasses3/00305.jpg,sunglasses,/data/liuluyan/sam3/sam3_pvtt_full/frames/0008-sunglasses3/frame_06.jpg
0008-sunglasses3,sunglasses,,7,3.1256,351,/data/datasets/pvtt_new/pvtt-evaluation/datasets_new/masks/0008-sunglasses3/00352.jpg,sunglasses,/data/liuluyan/sam3/sam3_pvtt_full/frames/0008-sunglasses3/frame_07.jpg
0009-sunglasses4_scene01,sunglasses,01,0,0.2086,6,/data/datasets/pvtt_new/pvtt-evaluation/datasets_new/masks/0009-sunglasses4_scene01/00007.jpg,sunglasses,/data/liuluyan/sam3/sam3_pvtt_full/frames/0009-sunglasses4_scene01/frame_00.jpg
0009-sunglasses4_scene01,sunglasses,01,1,0.6257,19,/data/datasets/pvtt_new/pvtt-evaluation/datasets_new/masks/0009-sunglasses4_scene01/00020.jpg,sunglasses,/data/liuluyan/sam3/sam3_pvtt_full/frames/0009-sunglasses4_scene01/frame_01.jpg
0009-sunglasses4_scene01,sunglasses,01,2,1.0428,32,/data/datasets/pvtt_new/pvtt-evaluation/datasets_new/masks/0009-sunglasses4_scene01/00033.jpg,sunglasses,/data/liuluyan/sam3/sam3_pvtt_full/frames/0009-sunglasses4_scene01/frame_02.jpg
0009-sunglasses4_scene01,sunglasses,01,3,1.4599,45,/data/datasets/pvtt_new/pvtt-evaluation/datasets_new/masks/0009-sunglasses4_scene01/00046.jpg,sunglasses,/data/liuluyan/sam3/sam3_pvtt_full/frames/0009-sunglasses4_scene01/frame_03.jpg
0009-sunglasses4_scene01,sunglasses,01,4,1.8771,58,/data/datasets/pvtt_new/pvtt-evaluation/datasets_new/masks/0009-sunglasses4_scene01/00059.jpg,sunglasses,/data/liuluyan/sam3/sam3_pvtt_full/frames/0009-sunglasses4_scene01/frame_04.jpg
0009-sunglasses4_scene01,sunglasses,01,5,2.2942,71,/data/datasets/pvtt_new/pvtt-evaluation/datasets_new/masks/0009-sunglasses4_scene01/00072.jpg,sunglasses,/data/liuluyan/sam3/sam3_pvtt_full/frames/0009-sunglasses4_scene01/frame_05.jpg
0009-sunglasses4_scene01,sunglasses,01,6,2.7113,84,/data/datasets/pvtt_new/pvtt-evaluation/datasets_new/masks/0009-sunglasses4_scene01/00085.jpg,sunglasses,/data/liuluyan/sam3/sam3_pvtt_full/frames/0009-sunglasses4_scene01/frame_06.jpg
0009-sunglasses4_scene01,sunglasses,01,7,3.1284,97,/data/datasets/pvtt_new/pvtt-evaluation/datasets_new/masks/0009-sunglasses4_scene01/00098.jpg,sunglasses,/data/liuluyan/sam3/sam3_pvtt_full/frames/0009-sunglasses4_scene01/frame_07.jpg
0009-sunglasses4_scene02,sunglasses,02,0,0.1898,6,/data/datasets/pvtt_new/pvtt-evaluation/datasets_new/masks/0009-sunglasses4_scene02/00007.jpg,sunglasses,/data/liuluyan/sam3/sam3_pvtt_full/frames/0009-sunglasses4_scene02/frame_00.jpg
0009-sunglasses4_scene02,sunglasses,02,1,0.5694,17,/data/datasets/pvtt_new/pvtt-evaluation/datasets_new/masks/0009-sunglasses4_scene02/00018.jpg,sunglasses,/data/liuluyan/sam3/sam3_pvtt_full/frames/0009-sunglasses4_scene02/frame_01.jpg
0009-sunglasses4_scene02,sunglasses,02,2,0.9491,28,/data/datasets/pvtt_new/pvtt-evaluation/datasets_new/masks/0009-sunglasses4_scene02/00029.jpg,sunglasses,/data/liuluyan/sam3/sam3_pvtt_full/frames/0009-sunglasses4_scene02/frame_02.jpg
0009-sunglasses4_scene02,sunglasses,02,3,1.3287,39,/data/datasets/pvtt_new/pvtt-evaluation/datasets_new/masks/0009-sunglasses4_scene02/00040.jpg,sunglasses,/data/liuluyan/sam3/sam3_pvtt_full/frames/0009-sunglasses4_scene02/frame_03.jpg
0009-sunglasses4_scene02,sunglasses,02,4,1.7083,51,/data/datasets/pvtt_new/pvtt-evaluation/datasets_new/masks/0009-sunglasses4_scene02/00052.jpg,sunglasses,/data/liuluyan/sam3/sam3_pvtt_full/frames/0009-sunglasses4_scene02/frame_04.jpg
0009-sunglasses4_scene02,sunglasses,02,5,2.0879,62,/data/datasets/pvtt_new/pvtt-evaluation/datasets_new/masks/0009-sunglasses4_scene02/00063.jpg,sunglasses,/data/liuluyan/sam3/sam3_pvtt_full/frames/0009-sunglasses4_scene02/frame_05.jpg
0009-sunglasses4_scene02,sunglasses,02,6,2.4676,73,/data/datasets/pvtt_new/pvtt-evaluation/datasets_new/masks/0009-sunglasses4_scene02/00074.jpg,sunglasses,/data/liuluyan/sam3/sam3_pvtt_full/frames/0009-sunglasses4_scene02/frame_06.jpg
0009-sunglasses4_scene02,sunglasses,02,7,2.8472,84,/data/datasets/pvtt_new/pvtt-evaluation/datasets_new/masks/0009-sunglasses4_scene02/00085.jpg,sunglasses,/data/liuluyan/sam3/sam3_pvtt_full/frames/0009-sunglasses4_scene02/frame_07.jpg
0009-sunglasses4_scene03,sunglasses,03,0,0.2003,6,/data/datasets/pvtt_new/pvtt-evaluation/datasets_new/masks/0009-sunglasses4_scene03/00007.jpg,sunglasses,/data/liuluyan/sam3/sam3_pvtt_full/frames/0009-sunglasses4_scene03/frame_00.jpg
0009-sunglasses4_scene03,sunglasses,03,1,0.6008,18,/data/datasets/pvtt_new/pvtt-evaluation/datasets_new/masks/0009-sunglasses4_scene03/00019.jpg,sunglasses,/data/liuluyan/sam3/sam3_pvtt_full/frames/0009-sunglasses4_scene03/frame_01.jpg
0009-sunglasses4_scene03,sunglasses,03,2,1.0012,30,/data/datasets/pvtt_new/pvtt-evaluation/datasets_new/masks/0009-sunglasses4_scene03/00031.jpg,sunglasses,/data/liuluyan/sam3/sam3_pvtt_full/frames/0009-sunglasses4_scene03/frame_02.jpg
0009-sunglasses4_scene03,sunglasses,03,3,1.4018,42,/data/datasets/pvtt_new/pvtt-evaluation/datasets_new/masks/0009-sunglasses4_scene03/00043.jpg,sunglasses,/data/liuluyan/sam3/sam3_pvtt_full/frames/0009-sunglasses4_scene03/frame_03.jpg
0009-sunglasses4_scene03,sunglasses,03,4,1.8023,53,/data/datasets/pvtt_new/pvtt-evaluation/datasets_new/masks/0009-sunglasses4_scene03/00054.jpg,sunglasses,/data/liuluyan/sam3/sam3_pvtt_full/frames/0009-sunglasses4_scene03/frame_04.jpg
0009-sunglasses4_scene03,sunglasses,03,5,2.2027,65,/data/datasets/pvtt_new/pvtt-evaluation/datasets_new/masks/0009-sunglasses4_scene03/00066.jpg,sunglasses,/data/liuluyan/sam3/sam3_pvtt_full/frames/0009-sunglasses4_scene03/frame_05.jpg
0009-sunglasses4_scene03,sunglasses,03,6,2.6033,77,/data/datasets/pvtt_new/pvtt-evaluation/datasets_new/masks/0009-sunglasses4_scene03/00078.jpg,sunglasses,/data/liuluyan/sam3/sam3_pvtt_full/frames/0009-sunglasses4_scene03/frame_06.jpg
0009-sunglasses4_scene03,sunglasses,03,7,3.0038,89,/data/datasets/pvtt_new/pvtt-evaluation/datasets_new/masks/0009-sunglasses4_scene03/00090.jpg,sunglasses,/data/liuluyan/sam3/sam3_pvtt_full/frames/0009-sunglasses4_scene03/frame_07.jpg
0009-sunglasses4_scene04,sunglasses,04,0,0.2003,6,/data/datasets/pvtt_new/pvtt-evaluation/datasets_new/masks/0009-sunglasses4_scene04/00007.jpg,sunglasses,/data/liuluyan/sam3/sam3_pvtt_full/frames/0009-sunglasses4_scene04/frame_00.jpg
0009-sunglasses4_scene04,sunglasses,04,1,0.6008,18,/data/datasets/pvtt_new/pvtt-evaluation/datasets_new/masks/0009-sunglasses4_scene04/00019.jpg,sunglasses,/data/liuluyan/sam3/sam3_pvtt_full/frames/0009-sunglasses4_scene04/frame_01.jpg
0009-sunglasses4_scene04,sunglasses,04,2,1.0012,30,/data/datasets/pvtt_new/pvtt-evaluation/datasets_new/masks/0009-sunglasses4_scene04/00031.jpg,sunglasses,/data/liuluyan/sam3/sam3_pvtt_full/frames/0009-sunglasses4_scene04/frame_02.jpg
0009-sunglasses4_scene04,sunglasses,04,3,1.4018,42,/data/datasets/pvtt_new/pvtt-evaluation/datasets_new/masks/0009-sunglasses4_scene04/00043.jpg,sunglasses,/data/liuluyan/sam3/sam3_pvtt_full/frames/0009-sunglasses4_scene04/frame_03.jpg
0009-sunglasses4_scene04,sunglasses,04,4,1.8023,53,/data/datasets/pvtt_new/pvtt-evaluation/datasets_new/masks/0009-sunglasses4_scene04/00054.jpg,sunglasses,/data/liuluyan/sam3/sam3_pvtt_full/frames/0009-sunglasses4_scene04/frame_04.jpg
0009-sunglasses4_scene04,sunglasses,04,5,2.2027,65,/data/datasets/pvtt_new/pvtt-evaluation/datasets_new/masks/0009-sunglasses4_scene04/00066.jpg,sunglasses,/data/liuluyan/sam3/sam3_pvtt_full/frames/0009-sunglasses4_scene04/frame_05.jpg
0009-sunglasses4_scene04,sunglasses,04,6,2.6033,77,/data/datasets/pvtt_new/pvtt-evaluation/datasets_new/masks/0009-sunglasses4_scene04/00078.jpg,sunglasses,/data/liuluyan/sam3/sam3_pvtt_full/frames/0009-sunglasses4_scene04/frame_06.jpg
0009-sunglasses4_scene04,sunglasses,04,7,3.0038,89,/data/datasets/pvtt_new/pvtt-evaluation/datasets_new/masks/0009-sunglasses4_scene04/00090.jpg,sunglasses,/data/liuluyan/sam3/sam3_pvtt_full/frames/0009-sunglasses4_scene04/frame_07.jpg
0009-sunglasses4_scene05,sunglasses,05,0,0.2086,7,/data/datasets/pvtt_new/pvtt-evaluation/datasets_new/masks/0009-sunglasses4_scene05/00008.jpg,sunglasses,/data/liuluyan/sam3/sam3_pvtt_full/frames/0009-sunglasses4_scene05/frame_00.jpg
0009-sunglasses4_scene05,sunglasses,05,1,0.6257,21,/data/datasets/pvtt_new/pvtt-evaluation/datasets_new/masks/0009-sunglasses4_scene05/00022.jpg,sunglasses,/data/liuluyan/sam3/sam3_pvtt_full/frames/0009-sunglasses4_scene05/frame_01.jpg
0009-sunglasses4_scene05,sunglasses,05,2,1.0428,34,/data/datasets/pvtt_new/pvtt-evaluation/datasets_new/masks/0009-sunglasses4_scene05/00035.jpg,sunglasses,/data/liuluyan/sam3/sam3_pvtt_full/frames/0009-sunglasses4_scene05/frame_02.jpg
0009-sunglasses4_scene05,sunglasses,05,3,1.4599,48,/data/datasets/pvtt_new/pvtt-evaluation/datasets_new/masks/0009-sunglasses4_scene05/00049.jpg,sunglasses,/data/liuluyan/sam3/sam3_pvtt_full/frames/0009-sunglasses4_scene05/frame_03.jpg
0009-sunglasses4_scene05,sunglasses,05,4,1.8771,62,/data/datasets/pvtt_new/pvtt-evaluation/datasets_new/masks/0009-sunglasses4_scene05/00063.jpg,sunglasses,/data/liuluyan/sam3/sam3_pvtt_full/frames/0009-sunglasses4_scene05/frame_04.jpg
0009-sunglasses4_scene05,sunglasses,05,5,2.2942,76,/data/datasets/pvtt_new/pvtt-evaluation/datasets_new/masks/0009-sunglasses4_scene05/00077.jpg,sunglasses,/data/liuluyan/sam3/sam3_pvtt_full/frames/0009-sunglasses4_scene05/frame_05.jpg
0009-sunglasses4_scene05,sunglasses,05,6,2.7113,89,/data/datasets/pvtt_new/pvtt-evaluation/datasets_new/masks/0009-sunglasses4_scene05/00090.jpg,sunglasses,/data/liuluyan/sam3/sam3_pvtt_full/frames/0009-sunglasses4_scene05/frame_06.jpg
0009-sunglasses4_scene05,sunglasses,05,7,3.1284,103,/data/datasets/pvtt_new/pvtt-evaluation/datasets_new/masks/0009-sunglasses4_scene05/00104.jpg,sunglasses,/data/liuluyan/sam3/sam3_pvtt_full/frames/0009-sunglasses4_scene05/frame_07.jpg
0009-sunglasses4_scene06,sunglasses,06,0,0.1627,5,/data/datasets/pvtt_new/pvtt-evaluation/datasets_new/masks/0009-sunglasses4_scene06/00006.jpg,sunglasses,/data/liuluyan/sam3/sam3_pvtt_full/frames/0009-sunglasses4_scene06/frame_00.jpg
0009-sunglasses4_scene06,sunglasses,06,1,0.4881,14,/data/datasets/pvtt_new/pvtt-evaluation/datasets_new/masks/0009-sunglasses4_scene06/00015.jpg,sunglasses,/data/liuluyan/sam3/sam3_pvtt_full/frames/0009-sunglasses4_scene06/frame_01.jpg
0009-sunglasses4_scene06,sunglasses,06,2,0.8134,24,/data/datasets/pvtt_new/pvtt-evaluation/datasets_new/masks/0009-sunglasses4_scene06/00025.jpg,sunglasses,/data/liuluyan/sam3/sam3_pvtt_full/frames/0009-sunglasses4_scene06/frame_02.jpg
0009-sunglasses4_scene06,sunglasses,06,3,1.1388,34,/data/datasets/pvtt_new/pvtt-evaluation/datasets_new/masks/0009-sunglasses4_scene06/00035.jpg,sunglasses,/data/liuluyan/sam3/sam3_pvtt_full/frames/0009-sunglasses4_scene06/frame_03.jpg
0009-sunglasses4_scene06,sunglasses,06,4,1.4642,43,/data/datasets/pvtt_new/pvtt-evaluation/datasets_new/masks/0009-sunglasses4_scene06/00044.jpg,sunglasses,/data/liuluyan/sam3/sam3_pvtt_full/frames/0009-sunglasses4_scene06/frame_04.jpg
0009-sunglasses4_scene06,sunglasses,06,5,1.7896,53,/data/datasets/pvtt_new/pvtt-evaluation/datasets_new/masks/0009-sunglasses4_scene06/00054.jpg,sunglasses,/data/liuluyan/sam3/sam3_pvtt_full/frames/0009-sunglasses4_scene06/frame_05.jpg
0009-sunglasses4_scene06,sunglasses,06,6,2.1149,63,/data/datasets/pvtt_new/pvtt-evaluation/datasets_new/masks/0009-sunglasses4_scene06/00064.jpg,sunglasses,/data/liuluyan/sam3/sam3_pvtt_full/frames/0009-sunglasses4_scene06/frame_06.jpg
0009-sunglasses4_scene06,sunglasses,06,7,2.4403,72,/data/datasets/pvtt_new/pvtt-evaluation/datasets_new/masks/0009-sunglasses4_scene06/00073.jpg,sunglasses,/data/liuluyan/sam3/sam3_pvtt_full/frames/0009-sunglasses4_scene06/frame_07.jpg
0009-sunglasses4_scene07,sunglasses,07,0,0.1878,6,/data/datasets/pvtt_new/pvtt-evaluation/datasets_new/masks/0009-sunglasses4_scene07/00007.jpg,sunglasses,/data/liuluyan/sam3/sam3_pvtt_full/frames/0009-sunglasses4_scene07/frame_00.jpg
0009-sunglasses4_scene07,sunglasses,07,1,0.5633,17,/data/datasets/pvtt_new/pvtt-evaluation/datasets_new/masks/0009-sunglasses4_scene07/00018.jpg,sunglasses,/data/liuluyan/sam3/sam3_pvtt_full/frames/0009-sunglasses4_scene07/frame_01.jpg
0009-sunglasses4_scene07,sunglasses,07,2,0.9387,28,/data/datasets/pvtt_new/pvtt-evaluation/datasets_new/masks/0009-sunglasses4_scene07/00029.jpg,sunglasses,/data/liuluyan/sam3/sam3_pvtt_full/frames/0009-sunglasses4_scene07/frame_02.jpg
0009-sunglasses4_scene07,sunglasses,07,3,1.3142,39,/data/datasets/pvtt_new/pvtt-evaluation/datasets_new/masks/0009-sunglasses4_scene07/00040.jpg,sunglasses,/data/liuluyan/sam3/sam3_pvtt_full/frames/0009-sunglasses4_scene07/frame_03.jpg
0009-sunglasses4_scene07,sunglasses,07,4,1.6898,50,/data/datasets/pvtt_new/pvtt-evaluation/datasets_new/masks/0009-sunglasses4_scene07/00051.jpg,sunglasses,/data/liuluyan/sam3/sam3_pvtt_full/frames/0009-sunglasses4_scene07/frame_04.jpg
0009-sunglasses4_scene07,sunglasses,07,5,2.0652,61,/data/datasets/pvtt_new/pvtt-evaluation/datasets_new/masks/0009-sunglasses4_scene07/00062.jpg,sunglasses,/data/liuluyan/sam3/sam3_pvtt_full/frames/0009-sunglasses4_scene07/frame_05.jpg
0009-sunglasses4_scene07,sunglasses,07,6,2.4407,72,/data/datasets/pvtt_new/pvtt-evaluation/datasets_new/masks/0009-sunglasses4_scene07/00073.jpg,sunglasses,/data/liuluyan/sam3/sam3_pvtt_full/frames/0009-sunglasses4_scene07/frame_06.jpg
0009-sunglasses4_scene07,sunglasses,07,7,2.8163,83,/data/datasets/pvtt_new/pvtt-evaluation/datasets_new/masks/0009-sunglasses4_scene07/00084.jpg,sunglasses,/data/liuluyan/sam3/sam3_pvtt_full/frames/0009-sunglasses4_scene07/frame_07.jpg
0010-sunglasses5_scene01,sunglasses,01,0,0.2086,9,/data/datasets/pvtt_new/pvtt-evaluation/datasets_new/masks/0010-sunglasses5_scene01/00010.jpg,sunglasses,/data/liuluyan/sam3/sam3_pvtt_full/frames/0010-sunglasses5_scene01/frame_00.jpg
0010-sunglasses5_scene01,sunglasses,01,1,0.6257,28,/data/datasets/pvtt_new/pvtt-evaluation/datasets_new/masks/0010-sunglasses5_scene01/00029.jpg,sunglasses,/data/liuluyan/sam3/sam3_pvtt_full/frames/0010-sunglasses5_scene01/frame_01.jpg
0010-sunglasses5_scene01,sunglasses,01,2,1.0428,47,/data/datasets/pvtt_new/pvtt-evaluation/datasets_new/masks/0010-sunglasses5_scene01/00048.jpg,sunglasses,/data/liuluyan/sam3/sam3_pvtt_full/frames/0010-sunglasses5_scene01/frame_02.jpg
0010-sunglasses5_scene01,sunglasses,01,3,1.4599,65,/data/datasets/pvtt_new/pvtt-evaluation/datasets_new/masks/0010-sunglasses5_scene01/00066.jpg,sunglasses,/data/liuluyan/sam3/sam3_pvtt_full/frames/0010-sunglasses5_scene01/frame_03.jpg
0010-sunglasses5_scene01,sunglasses,01,4,1.8771,84,/data/datasets/pvtt_new/pvtt-evaluation/datasets_new/masks/0010-sunglasses5_scene01/00085.jpg,sunglasses,/data/liuluyan/sam3/sam3_pvtt_full/frames/0010-sunglasses5_scene01/frame_04.jpg
0010-sunglasses5_scene01,sunglasses,01,5,2.2942,102,/data/datasets/pvtt_new/pvtt-evaluation/datasets_new/masks/0010-sunglasses5_scene01/00103.jpg,sunglasses,/data/liuluyan/sam3/sam3_pvtt_full/frames/0010-sunglasses5_scene01/frame_05.jpg
0010-sunglasses5_scene01,sunglasses,01,6,2.7113,121,/data/datasets/pvtt_new/pvtt-evaluation/datasets_new/masks/0010-sunglasses5_scene01/00122.jpg,sunglasses,/data/liuluyan/sam3/sam3_pvtt_full/frames/0010-sunglasses5_scene01/frame_06.jpg
0010-sunglasses5_scene01,sunglasses,01,7,3.1284,140,/data/datasets/pvtt_new/pvtt-evaluation/datasets_new/masks/0010-sunglasses5_scene01/00141.jpg,sunglasses,/data/liuluyan/sam3/sam3_pvtt_full/frames/0010-sunglasses5_scene01/frame_07.jpg
0010-sunglasses5_scene02,sunglasses,02,0,0.2086,13,/data/datasets/pvtt_new/pvtt-evaluation/datasets_new/masks/0010-sunglasses5_scene02/00014.jpg,sunglasses,/data/liuluyan/sam3/sam3_pvtt_full/frames/0010-sunglasses5_scene02/frame_00.jpg
0010-sunglasses5_scene02,sunglasses,02,1,0.6257,38,/data/datasets/pvtt_new/pvtt-evaluation/datasets_new/masks/0010-sunglasses5_scene02/00039.jpg,sunglasses,/data/liuluyan/sam3/sam3_pvtt_full/frames/0010-sunglasses5_scene02/frame_01.jpg
0010-sunglasses5_scene02,sunglasses,02,2,1.0428,63,/data/datasets/pvtt_new/pvtt-evaluation/datasets_new/masks/0010-sunglasses5_scene02/00064.jpg,sunglasses,/data/liuluyan/sam3/sam3_pvtt_full/frames/0010-sunglasses5_scene02/frame_02.jpg
0010-sunglasses5_scene02,sunglasses,02,3,1.4599,89,/data/datasets/pvtt_new/pvtt-evaluation/datasets_new/masks/0010-sunglasses5_scene02/00090.jpg,sunglasses,/data/liuluyan/sam3/sam3_pvtt_full/frames/0010-sunglasses5_scene02/frame_03.jpg
0010-sunglasses5_scene02,sunglasses,02,4,1.8771,114,/data/datasets/pvtt_new/pvtt-evaluation/datasets_new/masks/0010-sunglasses5_scene02/00115.jpg,sunglasses,/data/liuluyan/sam3/sam3_pvtt_full/frames/0010-sunglasses5_scene02/frame_04.jpg
0010-sunglasses5_scene02,sunglasses,02,5,2.2942,140,/data/datasets/pvtt_new/pvtt-evaluation/datasets_new/masks/0010-sunglasses5_scene02/00141.jpg,sunglasses,/data/liuluyan/sam3/sam3_pvtt_full/frames/0010-sunglasses5_scene02/frame_05.jpg
0010-sunglasses5_scene02,sunglasses,02,6,2.7113,165,/data/datasets/pvtt_new/pvtt-evaluation/datasets_new/masks/0010-sunglasses5_scene02/00166.jpg,sunglasses,/data/liuluyan/sam3/sam3_pvtt_full/frames/0010-sunglasses5_scene02/frame_06.jpg
0010-sunglasses5_scene02,sunglasses,02,7,3.1284,190,/data/datasets/pvtt_new/pvtt-evaluation/datasets_new/masks/0010-sunglasses5_scene02/00191.jpg,sunglasses,/data/liuluyan/sam3/sam3_pvtt_full/frames/0010-sunglasses5_scene02/frame_07.jpg
0010-sunglasses5_scene03,sunglasses,03,0,0.2086,9,/data/datasets/pvtt_new/pvtt-evaluation/datasets_new/masks/0010-sunglasses5_scene03/00010.jpg,sunglasses,/data/liuluyan/sam3/sam3_pvtt_full/frames/0010-sunglasses5_scene03/frame_00.jpg
0010-sunglasses5_scene03,sunglasses,03,1,0.6257,27,/data/datasets/pvtt_new/pvtt-evaluation/datasets_new/masks/0010-sunglasses5_scene03/00028.jpg,sunglasses,/data/liuluyan/sam3/sam3_pvtt_full/frames/0010-sunglasses5_scene03/frame_01.jpg
0010-sunglasses5_scene03,sunglasses,03,2,1.0428,44,/data/datasets/pvtt_new/pvtt-evaluation/datasets_new/masks/0010-sunglasses5_scene03/00045.jpg,sunglasses,/data/liuluyan/sam3/sam3_pvtt_full/frames/0010-sunglasses5_scene03/frame_02.jpg
0010-sunglasses5_scene03,sunglasses,03,3,1.4599,62,/data/datasets/pvtt_new/pvtt-evaluation/datasets_new/masks/0010-sunglasses5_scene03/00063.jpg,sunglasses,/data/liuluyan/sam3/sam3_pvtt_full/frames/0010-sunglasses5_scene03/frame_03.jpg
0010-sunglasses5_scene03,sunglasses,03,4,1.8771,80,/data/datasets/pvtt_new/pvtt-evaluation/datasets_new/masks/0010-sunglasses5_scene03/00081.jpg,sunglasses,/data/liuluyan/sam3/sam3_pvtt_full/frames/0010-sunglasses5_scene03/frame_04.jpg
0010-sunglasses5_scene03,sunglasses,03,5,2.2942,98,/data/datasets/pvtt_new/pvtt-evaluation/datasets_new/masks/0010-sunglasses5_scene03/00099.jpg,sunglasses,/data/liuluyan/sam3/sam3_pvtt_full/frames/0010-sunglasses5_scene03/frame_05.jpg
0010-sunglasses5_scene03,sunglasses,03,6,2.7113,115,/data/datasets/pvtt_new/pvtt-evaluation/datasets_new/masks/0010-sunglasses5_scene03/00116.jpg,sunglasses,/data/liuluyan/sam3/sam3_pvtt_full/frames/0010-sunglasses5_scene03/frame_06.jpg
0010-sunglasses5_scene03,sunglasses,03,7,3.1284,133,/data/datasets/pvtt_new/pvtt-evaluation/datasets_new/masks/0010-sunglasses5_scene03/00134.jpg,sunglasses,/data/liuluyan/sam3/sam3_pvtt_full/frames/0010-sunglasses5_scene03/frame_07.jpg
0010-sunglasses5_scene04,sunglasses,04,0,0.2086,8,/data/datasets/pvtt_new/pvtt-evaluation/datasets_new/masks/0010-sunglasses5_scene04/00009.jpg,sunglasses,/data/liuluyan/sam3/sam3_pvtt_full/frames/0010-sunglasses5_scene04/frame_00.jpg
0010-sunglasses5_scene04,sunglasses,04,1,0.6257,25,/data/datasets/pvtt_new/pvtt-evaluation/datasets_new/masks/0010-sunglasses5_scene04/00026.jpg,sunglasses,/data/liuluyan/sam3/sam3_pvtt_full/frames/0010-sunglasses5_scene04/frame_01.jpg
0010-sunglasses5_scene04,sunglasses,04,2,1.0428,42,/data/datasets/pvtt_new/pvtt-evaluation/datasets_new/masks/0010-sunglasses5_scene04/00043.jpg,sunglasses,/data/liuluyan/sam3/sam3_pvtt_full/frames/0010-sunglasses5_scene04/frame_02.jpg
0010-sunglasses5_scene04,sunglasses,04,3,1.4599,59,/data/datasets/pvtt_new/pvtt-evaluation/datasets_new/masks/0010-sunglasses5_scene04/00060.jpg,sunglasses,/data/liuluyan/sam3/sam3_pvtt_full/frames/0010-sunglasses5_scene04/frame_03.jpg
0010-sunglasses5_scene04,sunglasses,04,4,1.8771,75,/data/datasets/pvtt_new/pvtt-evaluation/datasets_new/masks/0010-sunglasses5_scene04/00076.jpg,sunglasses,/data/liuluyan/sam3/sam3_pvtt_full/frames/0010-sunglasses5_scene04/frame_04.jpg
0010-sunglasses5_scene04,sunglasses,04,5,2.2942,92,/data/datasets/pvtt_new/pvtt-evaluation/datasets_new/masks/0010-sunglasses5_scene04/00093.jpg,sunglasses,/data/liuluyan/sam3/sam3_pvtt_full/frames/0010-sunglasses5_scene04/frame_05.jpg
0010-sunglasses5_scene04,sunglasses,04,6,2.7113,109,/data/datasets/pvtt_new/pvtt-evaluation/datasets_new/masks/0010-sunglasses5_scene04/00110.jpg,sunglasses,/data/liuluyan/sam3/sam3_pvtt_full/frames/0010-sunglasses5_scene04/frame_06.jpg
0010-sunglasses5_scene04,sunglasses,04,7,3.1284,126,/data/datasets/pvtt_new/pvtt-evaluation/datasets_new/masks/0010-sunglasses5_scene04/00127.jpg,sunglasses,/data/liuluyan/sam3/sam3_pvtt_full/frames/0010-sunglasses5_scene04/frame_07.jpg
0011-handbag1_scene01,handbag,01,0,0.2008,5,/data/datasets/pvtt_new/pvtt-evaluation/datasets_new/masks/0011-handbag1_scene01/00006.jpg,handbag,/data/liuluyan/sam3/sam3_pvtt_full/frames/0011-handbag1_scene01/frame_00.jpg
0011-handbag1_scene01,handbag,01,1,0.6023,14,/data/datasets/pvtt_new/pvtt-evaluation/datasets_new/masks/0011-handbag1_scene01/00015.jpg,handbag,/data/liuluyan/sam3/sam3_pvtt_full/frames/0011-handbag1_scene01/frame_01.jpg
0011-handbag1_scene01,handbag,01,2,1.0038,24,/data/datasets/pvtt_new/pvtt-evaluation/datasets_new/masks/0011-handbag1_scene01/00025.jpg,handbag,/data/liuluyan/sam3/sam3_pvtt_full/frames/0011-handbag1_scene01/frame_02.jpg
0011-handbag1_scene01,handbag,01,3,1.4053,33,/data/datasets/pvtt_new/pvtt-evaluation/datasets_new/masks/0011-handbag1_scene01/00034.jpg,handbag,/data/liuluyan/sam3/sam3_pvtt_full/frames/0011-handbag1_scene01/frame_03.jpg
0011-handbag1_scene01,handbag,01,4,1.8068,43,/data/datasets/pvtt_new/pvtt-evaluation/datasets_new/masks/0011-handbag1_scene01/00044.jpg,handbag,/data/liuluyan/sam3/sam3_pvtt_full/frames/0011-handbag1_scene01/frame_04.jpg
0011-handbag1_scene01,handbag,01,5,2.2083,52,/data/datasets/pvtt_new/pvtt-evaluation/datasets_new/masks/0011-handbag1_scene01/00053.jpg,handbag,/data/liuluyan/sam3/sam3_pvtt_full/frames/0011-handbag1_scene01/frame_05.jpg
0011-handbag1_scene01,handbag,01,6,2.6098,62,/data/datasets/pvtt_new/pvtt-evaluation/datasets_new/masks/0011-handbag1_scene01/00063.jpg,handbag,/data/liuluyan/sam3/sam3_pvtt_full/frames/0011-handbag1_scene01/frame_06.jpg
0011-handbag1_scene01,handbag,01,7,3.0112,71,/data/datasets/pvtt_new/pvtt-evaluation/datasets_new/masks/0011-handbag1_scene01/00072.jpg,handbag,/data/liuluyan/sam3/sam3_pvtt_full/frames/0011-handbag1_scene01/frame_07.jpg
0011-handbag1_scene02,handbag,02,0,0.1356,3,/data/datasets/pvtt_new/pvtt-evaluation/datasets_new/masks/0011-handbag1_scene02/00004.jpg,handbag,/data/liuluyan/sam3/sam3_pvtt_full/frames/0011-handbag1_scene02/frame_00.jpg
0011-handbag1_scene02,handbag,02,1,0.4067,10,/data/datasets/pvtt_new/pvtt-evaluation/datasets_new/masks/0011-handbag1_scene02/00011.jpg,handbag,/data/liuluyan/sam3/sam3_pvtt_full/frames/0011-handbag1_scene02/frame_01.jpg
0011-handbag1_scene02,handbag,02,2,0.6778,16,/data/datasets/pvtt_new/pvtt-evaluation/datasets_new/masks/0011-handbag1_scene02/00017.jpg,handbag,/data/liuluyan/sam3/sam3_pvtt_full/frames/0011-handbag1_scene02/frame_02.jpg
0011-handbag1_scene02,handbag,02,3,0.9489,22,/data/datasets/pvtt_new/pvtt-evaluation/datasets_new/masks/0011-handbag1_scene02/00023.jpg,handbag,/data/liuluyan/sam3/sam3_pvtt_full/frames/0011-handbag1_scene02/frame_03.jpg
0011-handbag1_scene02,handbag,02,4,1.2201,29,/data/datasets/pvtt_new/pvtt-evaluation/datasets_new/masks/0011-handbag1_scene02/00030.jpg,handbag,/data/liuluyan/sam3/sam3_pvtt_full/frames/0011-handbag1_scene02/frame_04.jpg
0011-handbag1_scene02,handbag,02,5,1.4912,35,/data/datasets/pvtt_new/pvtt-evaluation/datasets_new/masks/0011-handbag1_scene02/00036.jpg,handbag,/data/liuluyan/sam3/sam3_pvtt_full/frames/0011-handbag1_scene02/frame_05.jpg
0011-handbag1_scene02,handbag,02,6,1.7623,41,/data/datasets/pvtt_new/pvtt-evaluation/datasets_new/masks/0011-handbag1_scene02/00042.jpg,handbag,/data/liuluyan/sam3/sam3_pvtt_full/frames/0011-handbag1_scene02/frame_06.jpg
0011-handbag1_scene02,handbag,02,7,2.0334,48,/data/datasets/pvtt_new/pvtt-evaluation/datasets_new/masks/0011-handbag1_scene02/00049.jpg,handbag,/data/liuluyan/sam3/sam3_pvtt_full/frames/0011-handbag1_scene02/frame_07.jpg
0011-handbag1_scene03,handbag,03,0,0.133,3,/data/datasets/pvtt_new/pvtt-evaluation/datasets_new/masks/0011-handbag1_scene03/00004.jpg,handbag,/data/liuluyan/sam3/sam3_pvtt_full/frames/0011-handbag1_scene03/frame_00.jpg
0011-handbag1_scene03,handbag,03,1,0.399,9,/data/datasets/pvtt_new/pvtt-evaluation/datasets_new/masks/0011-handbag1_scene03/00010.jpg,handbag,/data/liuluyan/sam3/sam3_pvtt_full/frames/0011-handbag1_scene03/frame_01.jpg
0011-handbag1_scene03,handbag,03,2,0.665,16,/data/datasets/pvtt_new/pvtt-evaluation/datasets_new/masks/0011-handbag1_scene03/00017.jpg,handbag,/data/liuluyan/sam3/sam3_pvtt_full/frames/0011-handbag1_scene03/frame_02.jpg
0011-handbag1_scene03,handbag,03,3,0.931,22,/data/datasets/pvtt_new/pvtt-evaluation/datasets_new/masks/0011-handbag1_scene03/00023.jpg,handbag,/data/liuluyan/sam3/sam3_pvtt_full/frames/0011-handbag1_scene03/frame_03.jpg
0011-handbag1_scene03,handbag,03,4,1.197,28,/data/datasets/pvtt_new/pvtt-evaluation/datasets_new/masks/0011-handbag1_scene03/00029.jpg,handbag,/data/liuluyan/sam3/sam3_pvtt_full/frames/0011-handbag1_scene03/frame_04.jpg
0011-handbag1_scene03,handbag,03,5,1.463,34,/data/datasets/pvtt_new/pvtt-evaluation/datasets_new/masks/0011-handbag1_scene03/00035.jpg,handbag,/data/liuluyan/sam3/sam3_pvtt_full/frames/0011-handbag1_scene03/frame_05.jpg
0011-handbag1_scene03,handbag,03,6,1.729,41,/data/datasets/pvtt_new/pvtt-evaluation/datasets_new/masks/0011-handbag1_scene03/00042.jpg,handbag,/data/liuluyan/sam3/sam3_pvtt_full/frames/0011-handbag1_scene03/frame_06.jpg
0011-handbag1_scene03,handbag,03,7,1.995,47,/data/datasets/pvtt_new/pvtt-evaluation/datasets_new/masks/0011-handbag1_scene03/00048.jpg,handbag,/data/liuluyan/sam3/sam3_pvtt_full/frames/0011-handbag1_scene03/frame_07.jpg
0012-handbag2,handbag,,0,0.1042,24,/data/datasets/pvtt_new/pvtt-evaluation/datasets_new/masks/0012-handbag2/00025.jpg,handbag,/data/liuluyan/sam3/sam3_pvtt_full/frames/0012-handbag2/frame_00.jpg
0012-handbag2,handbag,,1,0.3126,73,/data/datasets/pvtt_new/pvtt-evaluation/datasets_new/masks/0012-handbag2/00074.jpg,handbag,/data/liuluyan/sam3/sam3_pvtt_full/frames/0012-handbag2/frame_01.jpg
0012-handbag2,handbag,,2,0.5209,121,/data/datasets/pvtt_new/pvtt-evaluation/datasets_new/masks/0012-handbag2/00122.jpg,handbag,/data/liuluyan/sam3/sam3_pvtt_full/frames/0012-handbag2/frame_02.jpg
0012-handbag2,handbag,,3,0.7293,169,/data/datasets/pvtt_new/pvtt-evaluation/datasets_new/masks/0012-handbag2/00170.jpg,handbag,/data/liuluyan/sam3/sam3_pvtt_full/frames/0012-handbag2/frame_03.jpg
0012-handbag2,handbag,,4,0.9377,218,/data/datasets/pvtt_new/pvtt-evaluation/datasets_new/masks/0012-handbag2/00219.jpg,handbag,/data/liuluyan/sam3/sam3_pvtt_full/frames/0012-handbag2/frame_04.jpg
0012-handbag2,handbag,,5,1.1461,266,/data/datasets/pvtt_new/pvtt-evaluation/datasets_new/masks/0012-handbag2/00267.jpg,handbag,/data/liuluyan/sam3/sam3_pvtt_full/frames/0012-handbag2/frame_05.jpg
0012-handbag2,handbag,,6,1.3544,314,/data/datasets/pvtt_new/pvtt-evaluation/datasets_new/masks/0012-handbag2/00315.jpg,handbag,/data/liuluyan/sam3/sam3_pvtt_full/frames/0012-handbag2/frame_06.jpg
0012-handbag2,handbag,,7,1.5628,363,/data/datasets/pvtt_new/pvtt-evaluation/datasets_new/masks/0012-handbag2/00364.jpg,handbag,/data/liuluyan/sam3/sam3_pvtt_full/frames/0012-handbag2/frame_07.jpg
0013-handbag3_scene01,handbag,01,0,0.0948,6,/data/datasets/pvtt_new/pvtt-evaluation/datasets_new/masks/0013-handbag3_scene01/00007.jpg,handbag,/data/liuluyan/sam3/sam3_pvtt_full/frames/0013-handbag3_scene01/frame_00.jpg
0013-handbag3_scene01,handbag,01,4,0.8533,51,/data/datasets/pvtt_new/pvtt-evaluation/datasets_new/masks/0013-handbag3_scene01/00052.jpg,handbag,/data/liuluyan/sam3/sam3_pvtt_full/frames/0013-handbag3_scene01/frame_04.jpg
0014-handbag4,handbag,,0,0.2084,10,/data/datasets/pvtt_new/pvtt-evaluation/datasets_new/masks/0014-handbag4/00011.jpg,handbag,/data/liuluyan/sam3/sam3_pvtt_full/frames/0014-handbag4/frame_00.jpg
0014-handbag4,handbag,,1,0.6251,30,/data/datasets/pvtt_new/pvtt-evaluation/datasets_new/masks/0014-handbag4/00031.jpg,handbag,/data/liuluyan/sam3/sam3_pvtt_full/frames/0014-handbag4/frame_01.jpg
0014-handbag4,handbag,,2,1.0419,50,/data/datasets/pvtt_new/pvtt-evaluation/datasets_new/masks/0014-handbag4/00051.jpg,handbag,/data/liuluyan/sam3/sam3_pvtt_full/frames/0014-handbag4/frame_02.jpg
0014-handbag4,handbag,,3,1.4586,70,/data/datasets/pvtt_new/pvtt-evaluation/datasets_new/masks/0014-handbag4/00071.jpg,handbag,/data/liuluyan/sam3/sam3_pvtt_full/frames/0014-handbag4/frame_03.jpg
0014-handbag4,handbag,,4,1.8754,91,/data/datasets/pvtt_new/pvtt-evaluation/datasets_new/masks/0014-handbag4/00092.jpg,handbag,/data/liuluyan/sam3/sam3_pvtt_full/frames/0014-handbag4/frame_04.jpg
0014-handbag4,handbag,,5,2.2921,111,/data/datasets/pvtt_new/pvtt-evaluation/datasets_new/masks/0014-handbag4/00112.jpg,handbag,/data/liuluyan/sam3/sam3_pvtt_full/frames/0014-handbag4/frame_05.jpg
0014-handbag4,handbag,,6,2.7089,131,/data/datasets/pvtt_new/pvtt-evaluation/datasets_new/masks/0014-handbag4/00132.jpg,handbag,/data/liuluyan/sam3/sam3_pvtt_full/frames/0014-handbag4/frame_06.jpg
0014-handbag4,handbag,,7,3.1256,151,/data/datasets/pvtt_new/pvtt-evaluation/datasets_new/masks/0014-handbag4/00152.jpg,handbag,/data/liuluyan/sam3/sam3_pvtt_full/frames/0014-handbag4/frame_07.jpg
0015-handbag5,handbag,,0,0.1459,4,/data/datasets/pvtt_new/pvtt-evaluation/datasets_new/masks/0015-handbag5/00005.jpg,handbag,/data/liuluyan/sam3/sam3_pvtt_full/frames/0015-handbag5/frame_00.jpg
0015-handbag5,handbag,,1,0.4376,13,/data/datasets/pvtt_new/pvtt-evaluation/datasets_new/masks/0015-handbag5/00014.jpg,handbag,/data/liuluyan/sam3/sam3_pvtt_full/frames/0015-handbag5/frame_01.jpg
0015-handbag5,handbag,,2,0.7294,22,/data/datasets/pvtt_new/pvtt-evaluation/datasets_new/masks/0015-handbag5/00023.jpg,handbag,/data/liuluyan/sam3/sam3_pvtt_full/frames/0015-handbag5/frame_02.jpg
0015-handbag5,handbag,,3,1.0211,30,/data/datasets/pvtt_new/pvtt-evaluation/datasets_new/masks/0015-handbag5/00031.jpg,handbag,/data/liuluyan/sam3/sam3_pvtt_full/frames/0015-handbag5/frame_03.jpg
0015-handbag5,handbag,,4,1.3129,39,/data/datasets/pvtt_new/pvtt-evaluation/datasets_new/masks/0015-handbag5/00040.jpg,handbag,/data/liuluyan/sam3/sam3_pvtt_full/frames/0015-handbag5/frame_04.jpg
0015-handbag5,handbag,,5,1.6046,47,/data/datasets/pvtt_new/pvtt-evaluation/datasets_new/masks/0015-handbag5/00048.jpg,handbag,/data/liuluyan/sam3/sam3_pvtt_full/frames/0015-handbag5/frame_05.jpg
0015-handbag5,handbag,,6,1.8964,56,/data/datasets/pvtt_new/pvtt-evaluation/datasets_new/masks/0015-handbag5/00057.jpg,handbag,/data/liuluyan/sam3/sam3_pvtt_full/frames/0015-handbag5/frame_06.jpg
0015-handbag5,handbag,,7,2.1881,65,/data/datasets/pvtt_new/pvtt-evaluation/datasets_new/masks/0015-handbag5/00066.jpg,handbag,/data/liuluyan/sam3/sam3_pvtt_full/frames/0015-handbag5/frame_07.jpg
0016-purse1,purse,,0,0.1042,53,/data/datasets/pvtt_new/pvtt-evaluation/datasets_new/masks/0016-purse1/00054.jpg,purse,/data/liuluyan/sam3/sam3_pvtt_full/frames/0016-purse1/frame_00.jpg
0016-purse1,purse,,1,0.3126,160,/data/datasets/pvtt_new/pvtt-evaluation/datasets_new/masks/0016-purse1/00161.jpg,purse,/data/liuluyan/sam3/sam3_pvtt_full/frames/0016-purse1/frame_01.jpg
0016-purse1,purse,,2,0.5209,267,/data/datasets/pvtt_new/pvtt-evaluation/datasets_new/masks/0016-purse1/00268.jpg,purse,/data/liuluyan/sam3/sam3_pvtt_full/frames/0016-purse1/frame_02.jpg
0016-purse1,purse,,3,0.7293,374,/data/datasets/pvtt_new/pvtt-evaluation/datasets_new/masks/0016-purse1/00375.jpg,purse,/data/liuluyan/sam3/sam3_pvtt_full/frames/0016-purse1/frame_03.jpg
0016-purse1,purse,,4,0.9377,481,/data/datasets/pvtt_new/pvtt-evaluation/datasets_new/masks/0016-purse1/00482.jpg,purse,/data/liuluyan/sam3/sam3_pvtt_full/frames/0016-purse1/frame_04.jpg
0016-purse1,purse,,5,1.1461,588,/data/datasets/pvtt_new/pvtt-evaluation/datasets_new/masks/0016-purse1/00589.jpg,purse,/data/liuluyan/sam3/sam3_pvtt_full/frames/0016-purse1/frame_05.jpg
0016-purse1,purse,,6,1.3544,695,/data/datasets/pvtt_new/pvtt-evaluation/datasets_new/masks/0016-purse1/00696.jpg,purse,/data/liuluyan/sam3/sam3_pvtt_full/frames/0016-purse1/frame_06.jpg
0016-purse1,purse,,7,1.5628,802,/data/datasets/pvtt_new/pvtt-evaluation/datasets_new/masks/0016-purse1/00803.jpg,purse,/data/liuluyan/sam3/sam3_pvtt_full/frames/0016-purse1/frame_07.jpg
0017-purse2,purse,,0,0.25,19,/data/datasets/pvtt_new/pvtt-evaluation/datasets_new/masks/0017-purse2/00020.jpg,purse,/data/liuluyan/sam3/sam3_pvtt_full/frames/0017-purse2/frame_00.jpg
0017-purse2,purse,,1,0.75,58,/data/datasets/pvtt_new/pvtt-evaluation/datasets_new/masks/0017-purse2/00059.jpg,purse,/data/liuluyan/sam3/sam3_pvtt_full/frames/0017-purse2/frame_01.jpg
0017-purse2,purse,,2,1.25,97,/data/datasets/pvtt_new/pvtt-evaluation/datasets_new/masks/0017-purse2/00098.jpg,purse,/data/liuluyan/sam3/sam3_pvtt_full/frames/0017-purse2/frame_02.jpg
0017-purse2,purse,,3,1.75,136,/data/datasets/pvtt_new/pvtt-evaluation/datasets_new/masks/0017-purse2/00137.jpg,purse,/data/liuluyan/sam3/sam3_pvtt_full/frames/0017-purse2/frame_03.jpg
0017-purse2,purse,,4,2.25,174,/data/datasets/pvtt_new/pvtt-evaluation/datasets_new/masks/0017-purse2/00175.jpg,purse,/data/liuluyan/sam3/sam3_pvtt_full/frames/0017-purse2/frame_04.jpg
0017-purse2,purse,,5,2.75,213,/data/datasets/pvtt_new/pvtt-evaluation/datasets_new/masks/0017-purse2/00214.jpg,purse,/data/liuluyan/sam3/sam3_pvtt_full/frames/0017-purse2/frame_05.jpg
0017-purse2,purse,,6,3.25,252,/data/datasets/pvtt_new/pvtt-evaluation/datasets_new/masks/0017-purse2/00253.jpg,purse,/data/liuluyan/sam3/sam3_pvtt_full/frames/0017-purse2/frame_06.jpg
0017-purse2,purse,,7,3.75,291,/data/datasets/pvtt_new/pvtt-evaluation/datasets_new/masks/0017-purse2/00292.jpg,purse,/data/liuluyan/sam3/sam3_pvtt_full/frames/0017-purse2/frame_07.jpg
0018-purse3_scene01,purse,01,0,0.2084,7,/data/datasets/pvtt_new/pvtt-evaluation/datasets_new/masks/0018-purse3_scene01/00008.jpg,purse,/data/liuluyan/sam3/sam3_pvtt_full/frames/0018-purse3_scene01/frame_00.jpg
0018-purse3_scene01,purse,01,1,0.6251,20,/data/datasets/pvtt_new/pvtt-evaluation/datasets_new/masks/0018-purse3_scene01/00021.jpg,purse,/data/liuluyan/sam3/sam3_pvtt_full/frames/0018-purse3_scene01/frame_01.jpg
0018-purse3_scene01,purse,01,2,1.0419,33,/data/datasets/pvtt_new/pvtt-evaluation/datasets_new/masks/0018-purse3_scene01/00034.jpg,purse,/data/liuluyan/sam3/sam3_pvtt_full/frames/0018-purse3_scene01/frame_02.jpg
0018-purse3_scene01,purse,01,3,1.4586,46,/data/datasets/pvtt_new/pvtt-evaluation/datasets_new/masks/0018-purse3_scene01/00047.jpg,purse,/data/liuluyan/sam3/sam3_pvtt_full/frames/0018-purse3_scene01/frame_03.jpg
0018-purse3_scene01,purse,01,4,1.8754,60,/data/datasets/pvtt_new/pvtt-evaluation/datasets_new/masks/0018-purse3_scene01/00061.jpg,purse,/data/liuluyan/sam3/sam3_pvtt_full/frames/0018-purse3_scene01/frame_04.jpg
0018-purse3_scene01,purse,01,5,2.2921,73,/data/datasets/pvtt_new/pvtt-evaluation/datasets_new/masks/0018-purse3_scene01/00074.jpg,purse,/data/liuluyan/sam3/sam3_pvtt_full/frames/0018-purse3_scene01/frame_05.jpg
0018-purse3_scene01,purse,01,6,2.7089,86,/data/datasets/pvtt_new/pvtt-evaluation/datasets_new/masks/0018-purse3_scene01/00087.jpg,purse,/data/liuluyan/sam3/sam3_pvtt_full/frames/0018-purse3_scene01/frame_06.jpg
0018-purse3_scene01,purse,01,7,3.1256,99,/data/datasets/pvtt_new/pvtt-evaluation/datasets_new/masks/0018-purse3_scene01/00100.jpg,purse,/data/liuluyan/sam3/sam3_pvtt_full/frames/0018-purse3_scene01/frame_07.jpg
0018-purse3_scene02,purse,02,0,0.1812,5,/data/datasets/pvtt_new/pvtt-evaluation/datasets_new/masks/0018-purse3_scene02/00006.jpg,purse,/data/liuluyan/sam3/sam3_pvtt_full/frames/0018-purse3_scene02/frame_00.jpg
0018-purse3_scene02,purse,02,1,0.5437,16,/data/datasets/pvtt_new/pvtt-evaluation/datasets_new/masks/0018-purse3_scene02/00017.jpg,purse,/data/liuluyan/sam3/sam3_pvtt_full/frames/0018-purse3_scene02/frame_01.jpg
0018-purse3_scene02,purse,02,2,0.9062,27,/data/datasets/pvtt_new/pvtt-evaluation/datasets_new/masks/0018-purse3_scene02/00028.jpg,purse,/data/liuluyan/sam3/sam3_pvtt_full/frames/0018-purse3_scene02/frame_02.jpg
0018-purse3_scene02,purse,02,3,1.2688,38,/data/datasets/pvtt_new/pvtt-evaluation/datasets_new/masks/0018-purse3_scene02/00039.jpg,purse,/data/liuluyan/sam3/sam3_pvtt_full/frames/0018-purse3_scene02/frame_03.jpg
0018-purse3_scene02,purse,02,4,1.6312,48,/data/datasets/pvtt_new/pvtt-evaluation/datasets_new/masks/0018-purse3_scene02/00049.jpg,purse,/data/liuluyan/sam3/sam3_pvtt_full/frames/0018-purse3_scene02/frame_04.jpg
0018-purse3_scene02,purse,02,5,1.9937,59,/data/datasets/pvtt_new/pvtt-evaluation/datasets_new/masks/0018-purse3_scene02/00060.jpg,purse,/data/liuluyan/sam3/sam3_pvtt_full/frames/0018-purse3_scene02/frame_05.jpg
0018-purse3_scene02,purse,02,6,2.3562,70,/data/datasets/pvtt_new/pvtt-evaluation/datasets_new/masks/0018-purse3_scene02/00071.jpg,purse,/data/liuluyan/sam3/sam3_pvtt_full/frames/0018-purse3_scene02/frame_06.jpg
0018-purse3_scene02,purse,02,7,2.7188,81,/data/datasets/pvtt_new/pvtt-evaluation/datasets_new/masks/0018-purse3_scene02/00082.jpg,purse,/data/liuluyan/sam3/sam3_pvtt_full/frames/0018-purse3_scene02/frame_07.jpg
0019-bracelet1,bracelet,,0,0.2084,11,/data/datasets/pvtt_new/pvtt-evaluation/datasets_new/masks/0019-bracelet1/00012.jpg,bracelet,/data/liuluyan/sam3/sam3_pvtt_full/frames/0019-bracelet1/frame_00.jpg
0019-bracelet1,bracelet,,1,0.6251,32,/data/datasets/pvtt_new/pvtt-evaluation/datasets_new/masks/0019-bracelet1/00033.jpg,bracelet,/data/liuluyan/sam3/sam3_pvtt_full/frames/0019-bracelet1/frame_01.jpg
0019-bracelet1,bracelet,,2,1.0419,53,/data/datasets/pvtt_new/pvtt-evaluation/datasets_new/masks/0019-bracelet1/00054.jpg,bracelet,/data/liuluyan/sam3/sam3_pvtt_full/frames/0019-bracelet1/frame_02.jpg
0019-bracelet1,bracelet,,3,1.4586,74,/data/datasets/pvtt_new/pvtt-evaluation/datasets_new/masks/0019-bracelet1/00075.jpg,bracelet,/data/liuluyan/sam3/sam3_pvtt_full/frames/0019-bracelet1/frame_03.jpg
0019-bracelet1,bracelet,,4,1.8754,96,/data/datasets/pvtt_new/pvtt-evaluation/datasets_new/masks/0019-bracelet1/00097.jpg,bracelet,/data/liuluyan/sam3/sam3_pvtt_full/frames/0019-bracelet1/frame_04.jpg
0019-bracelet1,bracelet,,5,2.2921,117,/data/datasets/pvtt_new/pvtt-evaluation/datasets_new/masks/0019-bracelet1/00118.jpg,bracelet,/data/liuluyan/sam3/sam3_pvtt_full/frames/0019-bracelet1/frame_05.jpg
0019-bracelet1,bracelet,,6,2.7089,138,/data/datasets/pvtt_new/pvtt-evaluation/datasets_new/masks/0019-bracelet1/00139.jpg,bracelet,/data/liuluyan/sam3/sam3_pvtt_full/frames/0019-bracelet1/frame_06.jpg
0019-bracelet1,bracelet,,7,3.1256,159,/data/datasets/pvtt_new/pvtt-evaluation/datasets_new/masks/0019-bracelet1/00160.jpg,bracelet,/data/liuluyan/sam3/sam3_pvtt_full/frames/0019-bracelet1/frame_07.jpg
0020-bracelet2_scene01,bracelet,01,0,0.2607,9,/data/datasets/pvtt_new/pvtt-evaluation/datasets_new/masks/0020-bracelet2_scene01/00010.jpg,bracelet,/data/liuluyan/sam3/sam3_pvtt_full/frames/0020-bracelet2_scene01/frame_00.jpg
0020-bracelet2_scene01,bracelet,01,1,0.7821,28,/data/datasets/pvtt_new/pvtt-evaluation/datasets_new/masks/0020-bracelet2_scene01/00029.jpg,bracelet,/data/liuluyan/sam3/sam3_pvtt_full/frames/0020-bracelet2_scene01/frame_01.jpg
0020-bracelet2_scene01,bracelet,01,2,1.3034,46,/data/datasets/pvtt_new/pvtt-evaluation/datasets_new/masks/0020-bracelet2_scene01/00047.jpg,bracelet,/data/liuluyan/sam3/sam3_pvtt_full/frames/0020-bracelet2_scene01/frame_02.jpg
0020-bracelet2_scene01,bracelet,01,3,1.8248,64,/data/datasets/pvtt_new/pvtt-evaluation/datasets_new/masks/0020-bracelet2_scene01/00065.jpg,bracelet,/data/liuluyan/sam3/sam3_pvtt_full/frames/0020-bracelet2_scene01/frame_03.jpg
0020-bracelet2_scene01,bracelet,01,4,2.3462,83,/data/datasets/pvtt_new/pvtt-evaluation/datasets_new/masks/0020-bracelet2_scene01/00084.jpg,bracelet,/data/liuluyan/sam3/sam3_pvtt_full/frames/0020-bracelet2_scene01/frame_04.jpg
0020-bracelet2_scene01,bracelet,01,5,2.8676,101,/data/datasets/pvtt_new/pvtt-evaluation/datasets_new/masks/0020-bracelet2_scene01/00102.jpg,bracelet,/data/liuluyan/sam3/sam3_pvtt_full/frames/0020-bracelet2_scene01/frame_05.jpg
0020-bracelet2_scene01,bracelet,01,6,3.3889,119,/data/datasets/pvtt_new/pvtt-evaluation/datasets_new/masks/0020-bracelet2_scene01/00120.jpg,bracelet,/data/liuluyan/sam3/sam3_pvtt_full/frames/0020-bracelet2_scene01/frame_06.jpg
0020-bracelet2_scene01,bracelet,01,7,3.9103,138,/data/datasets/pvtt_new/pvtt-evaluation/datasets_new/masks/0020-bracelet2_scene01/00139.jpg,bracelet,/data/liuluyan/sam3/sam3_pvtt_full/frames/0020-bracelet2_scene01/frame_07.jpg
0020-bracelet2_scene02,bracelet,02,0,0.2424,6,/data/datasets/pvtt_new/pvtt-evaluation/datasets_new/masks/0020-bracelet2_scene02/00007.jpg,bracelet,/data/liuluyan/sam3/sam3_pvtt_full/frames/0020-bracelet2_scene02/frame_00.jpg
0020-bracelet2_scene02,bracelet,02,1,0.7273,17,/data/datasets/pvtt_new/pvtt-evaluation/datasets_new/masks/0020-bracelet2_scene02/00018.jpg,bracelet,/data/liuluyan/sam3/sam3_pvtt_full/frames/0020-bracelet2_scene02/frame_01.jpg
0020-bracelet2_scene02,bracelet,02,2,1.2122,29,/data/datasets/pvtt_new/pvtt-evaluation/datasets_new/masks/0020-bracelet2_scene02/00030.jpg,bracelet,/data/liuluyan/sam3/sam3_pvtt_full/frames/0020-bracelet2_scene02/frame_02.jpg
0020-bracelet2_scene02,bracelet,02,3,1.6971,40,/data/datasets/pvtt_new/pvtt-evaluation/datasets_new/masks/0020-bracelet2_scene02/00041.jpg,bracelet,/data/liuluyan/sam3/sam3_pvtt_full/frames/0020-bracelet2_scene02/frame_03.jpg
0020-bracelet2_scene02,bracelet,02,4,2.1819,52,/data/datasets/pvtt_new/pvtt-evaluation/datasets_new/masks/0020-bracelet2_scene02/00053.jpg,bracelet,/data/liuluyan/sam3/sam3_pvtt_full/frames/0020-bracelet2_scene02/frame_04.jpg
0020-bracelet2_scene02,bracelet,02,5,2.6668,63,/data/datasets/pvtt_new/pvtt-evaluation/datasets_new/masks/0020-bracelet2_scene02/00064.jpg,bracelet,/data/liuluyan/sam3/sam3_pvtt_full/frames/0020-bracelet2_scene02/frame_05.jpg
0020-bracelet2_scene02,bracelet,02,6,3.1517,75,/data/datasets/pvtt_new/pvtt-evaluation/datasets_new/masks/0020-bracelet2_scene02/00076.jpg,bracelet,/data/liuluyan/sam3/sam3_pvtt_full/frames/0020-bracelet2_scene02/frame_06.jpg
0020-bracelet2_scene02,bracelet,02,7,3.6366,86,/data/datasets/pvtt_new/pvtt-evaluation/datasets_new/masks/0020-bracelet2_scene02/00087.jpg,bracelet,/data/liuluyan/sam3/sam3_pvtt_full/frames/0020-bracelet2_scene02/frame_07.jpg
0021-bracelet3,bracelet,,0,0.1896,6,/data/datasets/pvtt_new/pvtt-evaluation/datasets_new/masks/0021-bracelet3/00007.jpg,bracelet,/data/liuluyan/sam3/sam3_pvtt_full/frames/0021-bracelet3/frame_00.jpg
0021-bracelet3,bracelet,,1,0.5689,17,/data/datasets/pvtt_new/pvtt-evaluation/datasets_new/masks/0021-bracelet3/00018.jpg,bracelet,/data/liuluyan/sam3/sam3_pvtt_full/frames/0021-bracelet3/frame_01.jpg
0021-bracelet3,bracelet,,2,0.9481,28,/data/datasets/pvtt_new/pvtt-evaluation/datasets_new/masks/0021-bracelet3/00029.jpg,bracelet,/data/liuluyan/sam3/sam3_pvtt_full/frames/0021-bracelet3/frame_02.jpg
0021-bracelet3,bracelet,,3,1.3274,39,/data/datasets/pvtt_new/pvtt-evaluation/datasets_new/masks/0021-bracelet3/00040.jpg,bracelet,/data/liuluyan/sam3/sam3_pvtt_full/frames/0021-bracelet3/frame_03.jpg
0021-bracelet3,bracelet,,4,1.7066,51,/data/datasets/pvtt_new/pvtt-evaluation/datasets_new/masks/0021-bracelet3/00052.jpg,bracelet,/data/liuluyan/sam3/sam3_pvtt_full/frames/0021-bracelet3/frame_04.jpg
0021-bracelet3,bracelet,,5,2.0859,62,/data/datasets/pvtt_new/pvtt-evaluation/datasets_new/masks/0021-bracelet3/00063.jpg,bracelet,/data/liuluyan/sam3/sam3_pvtt_full/frames/0021-bracelet3/frame_05.jpg
0021-bracelet3,bracelet,,6,2.4651,73,/data/datasets/pvtt_new/pvtt-evaluation/datasets_new/masks/0021-bracelet3/00074.jpg,bracelet,/data/liuluyan/sam3/sam3_pvtt_full/frames/0021-bracelet3/frame_06.jpg
0021-bracelet3,bracelet,,7,2.8444,84,/data/datasets/pvtt_new/pvtt-evaluation/datasets_new/masks/0021-bracelet3/00085.jpg,bracelet,/data/liuluyan/sam3/sam3_pvtt_full/frames/0021-bracelet3/frame_07.jpg
0022-bracelet4,bracelet,,0,0.1042,20,/data/datasets/pvtt_new/pvtt-evaluation/datasets_new/masks/0022-bracelet4/00021.jpg,bracelet,/data/liuluyan/sam3/sam3_pvtt_full/frames/0022-bracelet4/frame_00.jpg
0022-bracelet4,bracelet,,1,0.3126,60,/data/datasets/pvtt_new/pvtt-evaluation/datasets_new/masks/0022-bracelet4/00061.jpg,bracelet,/data/liuluyan/sam3/sam3_pvtt_full/frames/0022-bracelet4/frame_01.jpg
0022-bracelet4,bracelet,,2,0.5209,100,/data/datasets/pvtt_new/pvtt-evaluation/datasets_new/masks/0022-bracelet4/00101.jpg,bracelet,/data/liuluyan/sam3/sam3_pvtt_full/frames/0022-bracelet4/frame_02.jpg
0022-bracelet4,bracelet,,3,0.7293,140,/data/datasets/pvtt_new/pvtt-evaluation/datasets_new/masks/0022-bracelet4/00141.jpg,bracelet,/data/liuluyan/sam3/sam3_pvtt_full/frames/0022-bracelet4/frame_03.jpg
0022-bracelet4,bracelet,,4,0.9377,179,/data/datasets/pvtt_new/pvtt-evaluation/datasets_new/masks/0022-bracelet4/00180.jpg,bracelet,/data/liuluyan/sam3/sam3_pvtt_full/frames/0022-bracelet4/frame_04.jpg
0022-bracelet4,bracelet,,5,1.1461,219,/data/datasets/pvtt_new/pvtt-evaluation/datasets_new/masks/0022-bracelet4/00220.jpg,bracelet,/data/liuluyan/sam3/sam3_pvtt_full/frames/0022-bracelet4/frame_05.jpg
0022-bracelet4,bracelet,,6,1.3544,259,/data/datasets/pvtt_new/pvtt-evaluation/datasets_new/masks/0022-bracelet4/00260.jpg,bracelet,/data/liuluyan/sam3/sam3_pvtt_full/frames/0022-bracelet4/frame_06.jpg
0022-bracelet4,bracelet,,7,1.5628,299,/data/datasets/pvtt_new/pvtt-evaluation/datasets_new/masks/0022-bracelet4/00300.jpg,bracelet,/data/liuluyan/sam3/sam3_pvtt_full/frames/0022-bracelet4/frame_07.jpg
0023-bracelet5,bracelet,,0,0.2084,14,/data/datasets/pvtt_new/pvtt-evaluation/datasets_new/masks/0023-bracelet5/00015.jpg,bracelet,/data/liuluyan/sam3/sam3_pvtt_full/frames/0023-bracelet5/frame_00.jpg
0023-bracelet5,bracelet,,1,0.6251,44,/data/datasets/pvtt_new/pvtt-evaluation/datasets_new/masks/0023-bracelet5/00045.jpg,bracelet,/data/liuluyan/sam3/sam3_pvtt_full/frames/0023-bracelet5/frame_01.jpg
0023-bracelet5,bracelet,,2,1.0419,72,/data/datasets/pvtt_new/pvtt-evaluation/datasets_new/masks/0023-bracelet5/00073.jpg,bracelet,/data/liuluyan/sam3/sam3_pvtt_full/frames/0023-bracelet5/frame_02.jpg
0023-bracelet5,bracelet,,3,1.4586,102,/data/datasets/pvtt_new/pvtt-evaluation/datasets_new/masks/0023-bracelet5/00103.jpg,bracelet,/data/liuluyan/sam3/sam3_pvtt_full/frames/0023-bracelet5/frame_03.jpg
0023-bracelet5,bracelet,,4,1.8754,130,/data/datasets/pvtt_new/pvtt-evaluation/datasets_new/masks/0023-bracelet5/00131.jpg,bracelet,/data/liuluyan/sam3/sam3_pvtt_full/frames/0023-bracelet5/frame_04.jpg
0023-bracelet5,bracelet,,5,2.2921,160,/data/datasets/pvtt_new/pvtt-evaluation/datasets_new/masks/0023-bracelet5/00161.jpg,bracelet,/data/liuluyan/sam3/sam3_pvtt_full/frames/0023-bracelet5/frame_05.jpg
0023-bracelet5,bracelet,,6,2.7089,188,/data/datasets/pvtt_new/pvtt-evaluation/datasets_new/masks/0023-bracelet5/00189.jpg,bracelet,/data/liuluyan/sam3/sam3_pvtt_full/frames/0023-bracelet5/frame_06.jpg
0023-bracelet5,bracelet,,7,3.1256,218,/data/datasets/pvtt_new/pvtt-evaluation/datasets_new/masks/0023-bracelet5/00219.jpg,bracelet,/data/liuluyan/sam3/sam3_pvtt_full/frames/0023-bracelet5/frame_07.jpg
0024-bracelet6_scene01,bracelet,01,0,0.2086,21,/data/datasets/pvtt_new/pvtt-evaluation/datasets_new/masks/0024-bracelet6_scene01/00022.jpg,bracelet,/data/liuluyan/sam3/sam3_pvtt_full/frames/0024-bracelet6_scene01/frame_00.jpg
0024-bracelet6_scene01,bracelet,01,1,0.6257,63,/data/datasets/pvtt_new/pvtt-evaluation/datasets_new/masks/0024-bracelet6_scene01/00064.jpg,bracelet,/data/liuluyan/sam3/sam3_pvtt_full/frames/0024-bracelet6_scene01/frame_01.jpg
0024-bracelet6_scene01,bracelet,01,2,1.0428,104,/data/datasets/pvtt_new/pvtt-evaluation/datasets_new/masks/0024-bracelet6_scene01/00105.jpg,bracelet,/data/liuluyan/sam3/sam3_pvtt_full/frames/0024-bracelet6_scene01/frame_02.jpg
0024-bracelet6_scene01,bracelet,01,3,1.4599,146,/data/datasets/pvtt_new/pvtt-evaluation/datasets_new/masks/0024-bracelet6_scene01/00147.jpg,bracelet,/data/liuluyan/sam3/sam3_pvtt_full/frames/0024-bracelet6_scene01/frame_03.jpg
0024-bracelet6_scene01,bracelet,01,4,1.8771,188,/data/datasets/pvtt_new/pvtt-evaluation/datasets_new/masks/0024-bracelet6_scene01/00189.jpg,bracelet,/data/liuluyan/sam3/sam3_pvtt_full/frames/0024-bracelet6_scene01/frame_04.jpg
0024-bracelet6_scene01,bracelet,01,5,2.2942,230,/data/datasets/pvtt_new/pvtt-evaluation/datasets_new/masks/0024-bracelet6_scene01/00231.jpg,bracelet,/data/liuluyan/sam3/sam3_pvtt_full/frames/0024-bracelet6_scene01/frame_05.jpg
0024-bracelet6_scene01,bracelet,01,6,2.7113,271,/data/datasets/pvtt_new/pvtt-evaluation/datasets_new/masks/0024-bracelet6_scene01/00272.jpg,bracelet,/data/liuluyan/sam3/sam3_pvtt_full/frames/0024-bracelet6_scene01/frame_06.jpg
0024-bracelet6_scene01,bracelet,01,7,3.1284,313,/data/datasets/pvtt_new/pvtt-evaluation/datasets_new/masks/0024-bracelet6_scene01/00314.jpg,bracelet,/data/liuluyan/sam3/sam3_pvtt_full/frames/0024-bracelet6_scene01/frame_07.jpg
0024-bracelet6_scene02,bracelet,02,0,0.2086,11,/data/datasets/pvtt_new/pvtt-evaluation/datasets_new/masks/0024-bracelet6_scene02/00012.jpg,bracelet,/data/liuluyan/sam3/sam3_pvtt_full/frames/0024-bracelet6_scene02/frame_00.jpg
0024-bracelet6_scene02,bracelet,02,1,0.6257,34,/data/datasets/pvtt_new/pvtt-evaluation/datasets_new/masks/0024-bracelet6_scene02/00035.jpg,bracelet,/data/liuluyan/sam3/sam3_pvtt_full/frames/0024-bracelet6_scene02/frame_01.jpg
0024-bracelet6_scene02,bracelet,02,2,1.0428,56,/data/datasets/pvtt_new/pvtt-evaluation/datasets_new/masks/0024-bracelet6_scene02/00057.jpg,bracelet,/data/liuluyan/sam3/sam3_pvtt_full/frames/0024-bracelet6_scene02/frame_02.jpg
0024-bracelet6_scene02,bracelet,02,3,1.4599,79,/data/datasets/pvtt_new/pvtt-evaluation/datasets_new/masks/0024-bracelet6_scene02/00080.jpg,bracelet,/data/liuluyan/sam3/sam3_pvtt_full/frames/0024-bracelet6_scene02/frame_03.jpg
0024-bracelet6_scene02,bracelet,02,4,1.8771,101,/data/datasets/pvtt_new/pvtt-evaluation/datasets_new/masks/0024-bracelet6_scene02/00102.jpg,bracelet,/data/liuluyan/sam3/sam3_pvtt_full/frames/0024-bracelet6_scene02/frame_04.jpg
0024-bracelet6_scene02,bracelet,02,5,2.2942,124,/data/datasets/pvtt_new/pvtt-evaluation/datasets_new/masks/0024-bracelet6_scene02/00125.jpg,bracelet,/data/liuluyan/sam3/sam3_pvtt_full/frames/0024-bracelet6_scene02/frame_05.jpg
0024-bracelet6_scene02,bracelet,02,6,2.7113,146,/data/datasets/pvtt_new/pvtt-evaluation/datasets_new/masks/0024-bracelet6_scene02/00147.jpg,bracelet,/data/liuluyan/sam3/sam3_pvtt_full/frames/0024-bracelet6_scene02/frame_06.jpg
0024-bracelet6_scene02,bracelet,02,7,3.1284,169,/data/datasets/pvtt_new/pvtt-evaluation/datasets_new/masks/0024-bracelet6_scene02/00170.jpg,bracelet,/data/liuluyan/sam3/sam3_pvtt_full/frames/0024-bracelet6_scene02/frame_07.jpg
0025-bracelet7_scene01,bracelet,01,0,0.1377,4,/data/datasets/pvtt_new/pvtt-evaluation/datasets_new/masks/0025-bracelet7_scene01/00005.jpg,bracelet,/data/liuluyan/sam3/sam3_pvtt_full/frames/0025-bracelet7_scene01/frame_00.jpg
0025-bracelet7_scene01,bracelet,01,1,0.4131,12,/data/datasets/pvtt_new/pvtt-evaluation/datasets_new/masks/0025-bracelet7_scene01/00013.jpg,bracelet,/data/liuluyan/sam3/sam3_pvtt_full/frames/0025-bracelet7_scene01/frame_01.jpg
0025-bracelet7_scene01,bracelet,01,2,0.6884,20,/data/datasets/pvtt_new/pvtt-evaluation/datasets_new/masks/0025-bracelet7_scene01/00021.jpg,bracelet,/data/liuluyan/sam3/sam3_pvtt_full/frames/0025-bracelet7_scene01/frame_02.jpg
0025-bracelet7_scene01,bracelet,01,3,0.9638,28,/data/datasets/pvtt_new/pvtt-evaluation/datasets_new/masks/0025-bracelet7_scene01/00029.jpg,bracelet,/data/liuluyan/sam3/sam3_pvtt_full/frames/0025-bracelet7_scene01/frame_03.jpg
0025-bracelet7_scene01,bracelet,01,4,1.2392,37,/data/datasets/pvtt_new/pvtt-evaluation/datasets_new/masks/0025-bracelet7_scene01/00038.jpg,bracelet,/data/liuluyan/sam3/sam3_pvtt_full/frames/0025-bracelet7_scene01/frame_04.jpg
0025-bracelet7_scene01,bracelet,01,5,1.5146,45,/data/datasets/pvtt_new/pvtt-evaluation/datasets_new/masks/0025-bracelet7_scene01/00046.jpg,bracelet,/data/liuluyan/sam3/sam3_pvtt_full/frames/0025-bracelet7_scene01/frame_05.jpg
0025-bracelet7_scene01,bracelet,01,6,1.7899,53,/data/datasets/pvtt_new/pvtt-evaluation/datasets_new/masks/0025-bracelet7_scene01/00054.jpg,bracelet,/data/liuluyan/sam3/sam3_pvtt_full/frames/0025-bracelet7_scene01/frame_06.jpg
0025-bracelet7_scene01,bracelet,01,7,2.0653,61,/data/datasets/pvtt_new/pvtt-evaluation/datasets_new/masks/0025-bracelet7_scene01/00062.jpg,bracelet,/data/liuluyan/sam3/sam3_pvtt_full/frames/0025-bracelet7_scene01/frame_07.jpg
0025-bracelet7_scene02,bracelet,02,0,0.1273,4,/data/datasets/pvtt_new/pvtt-evaluation/datasets_new/masks/0025-bracelet7_scene02/00005.jpg,bracelet,/data/liuluyan/sam3/sam3_pvtt_full/frames/0025-bracelet7_scene02/frame_00.jpg
0025-bracelet7_scene02,bracelet,02,1,0.3818,11,/data/datasets/pvtt_new/pvtt-evaluation/datasets_new/masks/0025-bracelet7_scene02/00012.jpg,bracelet,/data/liuluyan/sam3/sam3_pvtt_full/frames/0025-bracelet7_scene02/frame_01.jpg
0025-bracelet7_scene02,bracelet,02,2,0.6362,19,/data/datasets/pvtt_new/pvtt-evaluation/datasets_new/masks/0025-bracelet7_scene02/00020.jpg,bracelet,/data/liuluyan/sam3/sam3_pvtt_full/frames/0025-bracelet7_scene02/frame_02.jpg
0025-bracelet7_scene02,bracelet,02,3,0.8908,26,/data/datasets/pvtt_new/pvtt-evaluation/datasets_new/masks/0025-bracelet7_scene02/00027.jpg,bracelet,/data/liuluyan/sam3/sam3_pvtt_full/frames/0025-bracelet7_scene02/frame_03.jpg
0025-bracelet7_scene02,bracelet,02,4,1.1453,34,/data/datasets/pvtt_new/pvtt-evaluation/datasets_new/masks/0025-bracelet7_scene02/00035.jpg,bracelet,/data/liuluyan/sam3/sam3_pvtt_full/frames/0025-bracelet7_scene02/frame_04.jpg
0025-bracelet7_scene02,bracelet,02,5,1.3998,41,/data/datasets/pvtt_new/pvtt-evaluation/datasets_new/masks/0025-bracelet7_scene02/00042.jpg,bracelet,/data/liuluyan/sam3/sam3_pvtt_full/frames/0025-bracelet7_scene02/frame_05.jpg
0025-bracelet7_scene02,bracelet,02,6,1.6542,49,/data/datasets/pvtt_new/pvtt-evaluation/datasets_new/masks/0025-bracelet7_scene02/00050.jpg,bracelet,/data/liuluyan/sam3/sam3_pvtt_full/frames/0025-bracelet7_scene02/frame_06.jpg
0025-bracelet7_scene02,bracelet,02,7,1.9087,56,/data/datasets/pvtt_new/pvtt-evaluation/datasets_new/masks/0025-bracelet7_scene02/00057.jpg,bracelet,/data/liuluyan/sam3/sam3_pvtt_full/frames/0025-bracelet7_scene02/frame_07.jpg
0025-bracelet7_scene03,bracelet,03,0,0.1314,4,/data/datasets/pvtt_new/pvtt-evaluation/datasets_new/masks/0025-bracelet7_scene03/00005.jpg,bracelet,/data/liuluyan/sam3/sam3_pvtt_full/frames/0025-bracelet7_scene03/frame_00.jpg
0025-bracelet7_scene03,bracelet,03,1,0.3943,12,/data/datasets/pvtt_new/pvtt-evaluation/datasets_new/masks/0025-bracelet7_scene03/00013.jpg,bracelet,/data/liuluyan/sam3/sam3_pvtt_full/frames/0025-bracelet7_scene03/frame_01.jpg
0025-bracelet7_scene03,bracelet,03,2,0.6572,19,/data/datasets/pvtt_new/pvtt-evaluation/datasets_new/masks/0025-bracelet7_scene03/00020.jpg,bracelet,/data/liuluyan/sam3/sam3_pvtt_full/frames/0025-bracelet7_scene03/frame_02.jpg
0025-bracelet7_scene03,bracelet,03,3,0.9201,27,/data/datasets/pvtt_new/pvtt-evaluation/datasets_new/masks/0025-bracelet7_scene03/00028.jpg,bracelet,/data/liuluyan/sam3/sam3_pvtt_full/frames/0025-bracelet7_scene03/frame_03.jpg
0025-bracelet7_scene03,bracelet,03,4,1.1829,35,/data/datasets/pvtt_new/pvtt-evaluation/datasets_new/masks/0025-bracelet7_scene03/00036.jpg,bracelet,/data/liuluyan/sam3/sam3_pvtt_full/frames/0025-bracelet7_scene03/frame_04.jpg
0025-bracelet7_scene03,bracelet,03,5,1.4458,43,/data/datasets/pvtt_new/pvtt-evaluation/datasets_new/masks/0025-bracelet7_scene03/00044.jpg,bracelet,/data/liuluyan/sam3/sam3_pvtt_full/frames/0025-bracelet7_scene03/frame_05.jpg
0025-bracelet7_scene03,bracelet,03,6,1.7087,50,/data/datasets/pvtt_new/pvtt-evaluation/datasets_new/masks/0025-bracelet7_scene03/00051.jpg,bracelet,/data/liuluyan/sam3/sam3_pvtt_full/frames/0025-bracelet7_scene03/frame_06.jpg
0025-bracelet7_scene03,bracelet,03,7,1.9716,58,/data/datasets/pvtt_new/pvtt-evaluation/datasets_new/masks/0025-bracelet7_scene03/00059.jpg,bracelet,/data/liuluyan/sam3/sam3_pvtt_full/frames/0025-bracelet7_scene03/frame_07.jpg
0025-bracelet7_scene04,bracelet,04,0,0.1356,4,/data/datasets/pvtt_new/pvtt-evaluation/datasets_new/masks/0025-bracelet7_scene04/00005.jpg,bracelet,/data/liuluyan/sam3/sam3_pvtt_full/frames/0025-bracelet7_scene04/frame_00.jpg
0025-bracelet7_scene04,bracelet,04,1,0.4067,12,/data/datasets/pvtt_new/pvtt-evaluation/datasets_new/masks/0025-bracelet7_scene04/00013.jpg,bracelet,/data/liuluyan/sam3/sam3_pvtt_full/frames/0025-bracelet7_scene04/frame_01.jpg
0025-bracelet7_scene04,bracelet,04,2,0.6778,20,/data/datasets/pvtt_new/pvtt-evaluation/datasets_new/masks/0025-bracelet7_scene04/00021.jpg,bracelet,/data/liuluyan/sam3/sam3_pvtt_full/frames/0025-bracelet7_scene04/frame_02.jpg
0025-bracelet7_scene04,bracelet,04,3,0.9489,28,/data/datasets/pvtt_new/pvtt-evaluation/datasets_new/masks/0025-bracelet7_scene04/00029.jpg,bracelet,/data/liuluyan/sam3/sam3_pvtt_full/frames/0025-bracelet7_scene04/frame_03.jpg
0025-bracelet7_scene04,bracelet,04,4,1.2201,36,/data/datasets/pvtt_new/pvtt-evaluation/datasets_new/masks/0025-bracelet7_scene04/00037.jpg,bracelet,/data/liuluyan/sam3/sam3_pvtt_full/frames/0025-bracelet7_scene04/frame_04.jpg
0025-bracelet7_scene04,bracelet,04,5,1.4912,44,/data/datasets/pvtt_new/pvtt-evaluation/datasets_new/masks/0025-bracelet7_scene04/00045.jpg,bracelet,/data/liuluyan/sam3/sam3_pvtt_full/frames/0025-bracelet7_scene04/frame_05.jpg
0025-bracelet7_scene04,bracelet,04,6,1.7623,52,/data/datasets/pvtt_new/pvtt-evaluation/datasets_new/masks/0025-bracelet7_scene04/00053.jpg,bracelet,/data/liuluyan/sam3/sam3_pvtt_full/frames/0025-bracelet7_scene04/frame_06.jpg
0025-bracelet7_scene04,bracelet,04,7,2.0334,60,/data/datasets/pvtt_new/pvtt-evaluation/datasets_new/masks/0025-bracelet7_scene04/00061.jpg,bracelet,/data/liuluyan/sam3/sam3_pvtt_full/frames/0025-bracelet7_scene04/frame_07.jpg
0026-bracelet8_scene01,bracelet,01,0,0.2086,6,/data/datasets/pvtt_new/pvtt-evaluation/datasets_new/masks/0026-bracelet8_scene01/00007.jpg,bracelet,/data/liuluyan/sam3/sam3_pvtt_full/frames/0026-bracelet8_scene01/frame_00.jpg
0026-bracelet8_scene01,bracelet,01,1,0.6257,19,/data/datasets/pvtt_new/pvtt-evaluation/datasets_new/masks/0026-bracelet8_scene01/00020.jpg,bracelet,/data/liuluyan/sam3/sam3_pvtt_full/frames/0026-bracelet8_scene01/frame_01.jpg
0026-bracelet8_scene01,bracelet,01,2,1.0428,32,/data/datasets/pvtt_new/pvtt-evaluation/datasets_new/masks/0026-bracelet8_scene01/00033.jpg,bracelet,/data/liuluyan/sam3/sam3_pvtt_full/frames/0026-bracelet8_scene01/frame_02.jpg
0026-bracelet8_scene01,bracelet,01,3,1.4599,44,/data/datasets/pvtt_new/pvtt-evaluation/datasets_new/masks/0026-bracelet8_scene01/00045.jpg,bracelet,/data/liuluyan/sam3/sam3_pvtt_full/frames/0026-bracelet8_scene01/frame_03.jpg
0026-bracelet8_scene01,bracelet,01,4,1.8771,57,/data/datasets/pvtt_new/pvtt-evaluation/datasets_new/masks/0026-bracelet8_scene01/00058.jpg,bracelet,/data/liuluyan/sam3/sam3_pvtt_full/frames/0026-bracelet8_scene01/frame_04.jpg
0026-bracelet8_scene01,bracelet,01,5,2.2942,69,/data/datasets/pvtt_new/pvtt-evaluation/datasets_new/masks/0026-bracelet8_scene01/00070.jpg,bracelet,/data/liuluyan/sam3/sam3_pvtt_full/frames/0026-bracelet8_scene01/frame_05.jpg
0026-bracelet8_scene01,bracelet,01,6,2.7113,82,/data/datasets/pvtt_new/pvtt-evaluation/datasets_new/masks/0026-bracelet8_scene01/00083.jpg,bracelet,/data/liuluyan/sam3/sam3_pvtt_full/frames/0026-bracelet8_scene01/frame_06.jpg
0026-bracelet8_scene01,bracelet,01,7,3.1284,95,/data/datasets/pvtt_new/pvtt-evaluation/datasets_new/masks/0026-bracelet8_scene01/00096.jpg,bracelet,/data/liuluyan/sam3/sam3_pvtt_full/frames/0026-bracelet8_scene01/frame_07.jpg
0026-bracelet8_scene02,bracelet,02,0,0.2086,8,/data/datasets/pvtt_new/pvtt-evaluation/datasets_new/masks/0026-bracelet8_scene02/00009.jpg,bracelet,/data/liuluyan/sam3/sam3_pvtt_full/frames/0026-bracelet8_scene02/frame_00.jpg
0026-bracelet8_scene02,bracelet,02,1,0.6257,23,/data/datasets/pvtt_new/pvtt-evaluation/datasets_new/masks/0026-bracelet8_scene02/00024.jpg,bracelet,/data/liuluyan/sam3/sam3_pvtt_full/frames/0026-bracelet8_scene02/frame_01.jpg
0026-bracelet8_scene02,bracelet,02,2,1.0428,38,/data/datasets/pvtt_new/pvtt-evaluation/datasets_new/masks/0026-bracelet8_scene02/00039.jpg,bracelet,/data/liuluyan/sam3/sam3_pvtt_full/frames/0026-bracelet8_scene02/frame_02.jpg
0026-bracelet8_scene02,bracelet,02,3,1.4599,53,/data/datasets/pvtt_new/pvtt-evaluation/datasets_new/masks/0026-bracelet8_scene02/00054.jpg,bracelet,/data/liuluyan/sam3/sam3_pvtt_full/frames/0026-bracelet8_scene02/frame_03.jpg
0026-bracelet8_scene02,bracelet,02,4,1.8771,68,/data/datasets/pvtt_new/pvtt-evaluation/datasets_new/masks/0026-bracelet8_scene02/00069.jpg,bracelet,/data/liuluyan/sam3/sam3_pvtt_full/frames/0026-bracelet8_scene02/frame_04.jpg
0026-bracelet8_scene02,bracelet,02,5,2.2942,83,/data/datasets/pvtt_new/pvtt-evaluation/datasets_new/masks/0026-bracelet8_scene02/00084.jpg,bracelet,/data/liuluyan/sam3/sam3_pvtt_full/frames/0026-bracelet8_scene02/frame_05.jpg
0026-bracelet8_scene02,bracelet,02,6,2.7113,98,/data/datasets/pvtt_new/pvtt-evaluation/datasets_new/masks/0026-bracelet8_scene02/00099.jpg,bracelet,/data/liuluyan/sam3/sam3_pvtt_full/frames/0026-bracelet8_scene02/frame_06.jpg
0026-bracelet8_scene02,bracelet,02,7,3.1284,113,/data/datasets/pvtt_new/pvtt-evaluation/datasets_new/masks/0026-bracelet8_scene02/00114.jpg,bracelet,/data/liuluyan/sam3/sam3_pvtt_full/frames/0026-bracelet8_scene02/frame_07.jpg
0026-bracelet8_scene03,bracelet,03,0,0.2086,7,/data/datasets/pvtt_new/pvtt-evaluation/datasets_new/masks/0026-bracelet8_scene03/00008.jpg,bracelet,/data/liuluyan/sam3/sam3_pvtt_full/frames/0026-bracelet8_scene03/frame_00.jpg
0026-bracelet8_scene03,bracelet,03,1,0.6257,21,/data/datasets/pvtt_new/pvtt-evaluation/datasets_new/masks/0026-bracelet8_scene03/00022.jpg,bracelet,/data/liuluyan/sam3/sam3_pvtt_full/frames/0026-bracelet8_scene03/frame_01.jpg
0026-bracelet8_scene03,bracelet,03,2,1.0428,35,/data/datasets/pvtt_new/pvtt-evaluation/datasets_new/masks/0026-bracelet8_scene03/00036.jpg,bracelet,/data/liuluyan/sam3/sam3_pvtt_full/frames/0026-bracelet8_scene03/frame_02.jpg
0026-bracelet8_scene03,bracelet,03,3,1.4599,49,/data/datasets/pvtt_new/pvtt-evaluation/datasets_new/masks/0026-bracelet8_scene03/00050.jpg,bracelet,/data/liuluyan/sam3/sam3_pvtt_full/frames/0026-bracelet8_scene03/frame_03.jpg
0026-bracelet8_scene03,bracelet,03,4,1.8771,63,/data/datasets/pvtt_new/pvtt-evaluation/datasets_new/masks/0026-bracelet8_scene03/00064.jpg,bracelet,/data/liuluyan/sam3/sam3_pvtt_full/frames/0026-bracelet8_scene03/frame_04.jpg
0026-bracelet8_scene03,bracelet,03,5,2.2942,77,/data/datasets/pvtt_new/pvtt-evaluation/datasets_new/masks/0026-bracelet8_scene03/00078.jpg,bracelet,/data/liuluyan/sam3/sam3_pvtt_full/frames/0026-bracelet8_scene03/frame_05.jpg
0026-bracelet8_scene03,bracelet,03,6,2.7113,91,/data/datasets/pvtt_new/pvtt-evaluation/datasets_new/masks/0026-bracelet8_scene03/00092.jpg,bracelet,/data/liuluyan/sam3/sam3_pvtt_full/frames/0026-bracelet8_scene03/frame_06.jpg
0026-bracelet8_scene03,bracelet,03,7,3.1284,105,/data/datasets/pvtt_new/pvtt-evaluation/datasets_new/masks/0026-bracelet8_scene03/00106.jpg,bracelet,/data/liuluyan/sam3/sam3_pvtt_full/frames/0026-bracelet8_scene03/frame_07.jpg
0027-bracelet9,bracelet,,0,0.2086,22,/data/datasets/pvtt_new/pvtt-evaluation/datasets_new/masks/0027-bracelet9/00023.jpg,bracelet,/data/liuluyan/sam3/sam3_pvtt_full/frames/0027-bracelet9/frame_00.jpg
0027-bracelet9,bracelet,,1,0.6257,65,/data/datasets/pvtt_new/pvtt-evaluation/datasets_new/masks/0027-bracelet9/00066.jpg,bracelet,/data/liuluyan/sam3/sam3_pvtt_full/frames/0027-bracelet9/frame_01.jpg
0027-bracelet9,bracelet,,2,1.0428,108,/data/datasets/pvtt_new/pvtt-evaluation/datasets_new/masks/0027-bracelet9/00109.jpg,bracelet,/data/liuluyan/sam3/sam3_pvtt_full/frames/0027-bracelet9/frame_02.jpg
0027-bracelet9,bracelet,,3,1.4599,152,/data/datasets/pvtt_new/pvtt-evaluation/datasets_new/masks/0027-bracelet9/00153.jpg,bracelet,/data/liuluyan/sam3/sam3_pvtt_full/frames/0027-bracelet9/frame_03.jpg
0027-bracelet9,bracelet,,4,1.8771,195,/data/datasets/pvtt_new/pvtt-evaluation/datasets_new/masks/0027-bracelet9/00196.jpg,bracelet,/data/liuluyan/sam3/sam3_pvtt_full/frames/0027-bracelet9/frame_04.jpg
0027-bracelet9,bracelet,,5,2.2942,239,/data/datasets/pvtt_new/pvtt-evaluation/datasets_new/masks/0027-bracelet9/00240.jpg,bracelet,/data/liuluyan/sam3/sam3_pvtt_full/frames/0027-bracelet9/frame_05.jpg
0027-bracelet9,bracelet,,6,2.7113,282,/data/datasets/pvtt_new/pvtt-evaluation/datasets_new/masks/0027-bracelet9/00283.jpg,bracelet,/data/liuluyan/sam3/sam3_pvtt_full/frames/0027-bracelet9/frame_06.jpg
0027-bracelet9,bracelet,,7,3.1284,325,/data/datasets/pvtt_new/pvtt-evaluation/datasets_new/masks/0027-bracelet9/00326.jpg,bracelet,/data/liuluyan/sam3/sam3_pvtt_full/frames/0027-bracelet9/frame_07.jpg
0028-bracelet10,bracelet,,0,0.2086,7,/data/datasets/pvtt_new/pvtt-evaluation/datasets_new/masks/0028-bracelet10/00008.jpg,bracelet,/data/liuluyan/sam3/sam3_pvtt_full/frames/0028-bracelet10/frame_00.jpg
0028-bracelet10,bracelet,,1,0.6257,21,/data/datasets/pvtt_new/pvtt-evaluation/datasets_new/masks/0028-bracelet10/00022.jpg,bracelet,/data/liuluyan/sam3/sam3_pvtt_full/frames/0028-bracelet10/frame_01.jpg
0028-bracelet10,bracelet,,2,1.0428,35,/data/datasets/pvtt_new/pvtt-evaluation/datasets_new/masks/0028-bracelet10/00036.jpg,bracelet,/data/liuluyan/sam3/sam3_pvtt_full/frames/0028-bracelet10/frame_02.jpg
0028-bracelet10,bracelet,,3,1.4599,49,/data/datasets/pvtt_new/pvtt-evaluation/datasets_new/masks/0028-bracelet10/00050.jpg,bracelet,/data/liuluyan/sam3/sam3_pvtt_full/frames/0028-bracelet10/frame_03.jpg
0028-bracelet10,bracelet,,4,1.8771,63,/data/datasets/pvtt_new/pvtt-evaluation/datasets_new/masks/0028-bracelet10/00064.jpg,bracelet,/data/liuluyan/sam3/sam3_pvtt_full/frames/0028-bracelet10/frame_04.jpg
0028-bracelet10,bracelet,,5,2.2942,77,/data/datasets/pvtt_new/pvtt-evaluation/datasets_new/masks/0028-bracelet10/00078.jpg,bracelet,/data/liuluyan/sam3/sam3_pvtt_full/frames/0028-bracelet10/frame_05.jpg
0028-bracelet10,bracelet,,6,2.7113,91,/data/datasets/pvtt_new/pvtt-evaluation/datasets_new/masks/0028-bracelet10/00092.jpg,bracelet,/data/liuluyan/sam3/sam3_pvtt_full/frames/0028-bracelet10/frame_06.jpg
0028-bracelet10,bracelet,,7,3.1284,105,/data/datasets/pvtt_new/pvtt-evaluation/datasets_new/masks/0028-bracelet10/00106.jpg,bracelet,/data/liuluyan/sam3/sam3_pvtt_full/frames/0028-bracelet10/frame_07.jpg
0029-earring1,earring,,0,0.25,20,/data/datasets/pvtt_new/pvtt-evaluation/datasets_new/masks/0029-earring1/00021.jpg,earring,/data/liuluyan/sam3/sam3_pvtt_full/frames/0029-earring1/frame_00.jpg
0029-earring1,earring,,1,0.75,61,/data/datasets/pvtt_new/pvtt-evaluation/datasets_new/masks/0029-earring1/00062.jpg,earring,/data/liuluyan/sam3/sam3_pvtt_full/frames/0029-earring1/frame_01.jpg
0029-earring1,earring,,2,1.25,101,/data/datasets/pvtt_new/pvtt-evaluation/datasets_new/masks/0029-earring1/00102.jpg,earring,/data/liuluyan/sam3/sam3_pvtt_full/frames/0029-earring1/frame_02.jpg
0029-earring1,earring,,3,1.75,142,/data/datasets/pvtt_new/pvtt-evaluation/datasets_new/masks/0029-earring1/00143.jpg,earring,/data/liuluyan/sam3/sam3_pvtt_full/frames/0029-earring1/frame_03.jpg
0029-earring1,earring,,4,2.25,182,/data/datasets/pvtt_new/pvtt-evaluation/datasets_new/masks/0029-earring1/00183.jpg,earring,/data/liuluyan/sam3/sam3_pvtt_full/frames/0029-earring1/frame_04.jpg
0029-earring1,earring,,5,2.75,223,/data/datasets/pvtt_new/pvtt-evaluation/datasets_new/masks/0029-earring1/00224.jpg,earring,/data/liuluyan/sam3/sam3_pvtt_full/frames/0029-earring1/frame_05.jpg
0029-earring1,earring,,6,3.25,263,/data/datasets/pvtt_new/pvtt-evaluation/datasets_new/masks/0029-earring1/00264.jpg,earring,/data/liuluyan/sam3/sam3_pvtt_full/frames/0029-earring1/frame_06.jpg
0029-earring1,earring,,7,3.75,304,/data/datasets/pvtt_new/pvtt-evaluation/datasets_new/masks/0029-earring1/00305.jpg,earring,/data/liuluyan/sam3/sam3_pvtt_full/frames/0029-earring1/frame_07.jpg
0030-earring2,earring,,0,0.2086,15,/data/datasets/pvtt_new/pvtt-evaluation/datasets_new/masks/0030-earring2/00016.jpg,earring,/data/liuluyan/sam3/sam3_pvtt_full/frames/0030-earring2/frame_00.jpg
0030-earring2,earring,,1,0.6257,46,/data/datasets/pvtt_new/pvtt-evaluation/datasets_new/masks/0030-earring2/00047.jpg,earring,/data/liuluyan/sam3/sam3_pvtt_full/frames/0030-earring2/frame_01.jpg
0030-earring2,earring,,2,1.0428,77,/data/datasets/pvtt_new/pvtt-evaluation/datasets_new/masks/0030-earring2/00078.jpg,earring,/data/liuluyan/sam3/sam3_pvtt_full/frames/0030-earring2/frame_02.jpg
0030-earring2,earring,,3,1.4599,107,/data/datasets/pvtt_new/pvtt-evaluation/datasets_new/masks/0030-earring2/00108.jpg,earring,/data/liuluyan/sam3/sam3_pvtt_full/frames/0030-earring2/frame_03.jpg
0030-earring2,earring,,4,1.8771,138,/data/datasets/pvtt_new/pvtt-evaluation/datasets_new/masks/0030-earring2/00139.jpg,earring,/data/liuluyan/sam3/sam3_pvtt_full/frames/0030-earring2/frame_04.jpg
0030-earring2,earring,,5,2.2942,168,/data/datasets/pvtt_new/pvtt-evaluation/datasets_new/masks/0030-earring2/00169.jpg,earring,/data/liuluyan/sam3/sam3_pvtt_full/frames/0030-earring2/frame_05.jpg
0030-earring2,earring,,6,2.7113,199,/data/datasets/pvtt_new/pvtt-evaluation/datasets_new/masks/0030-earring2/00200.jpg,earring,/data/liuluyan/sam3/sam3_pvtt_full/frames/0030-earring2/frame_06.jpg
0030-earring2,earring,,7,3.1284,230,/data/datasets/pvtt_new/pvtt-evaluation/datasets_new/masks/0030-earring2/00231.jpg,earring,/data/liuluyan/sam3/sam3_pvtt_full/frames/0030-earring2/frame_07.jpg
0031-earring3_scene01,earring,01,0,0.1042,10,/data/datasets/pvtt_new/pvtt-evaluation/datasets_new/masks/0031-earring3_scene01/00011.jpg,earring,/data/liuluyan/sam3/sam3_pvtt_full/frames/0031-earring3_scene01/frame_00.jpg
0031-earring3_scene01,earring,01,1,0.3126,30,/data/datasets/pvtt_new/pvtt-evaluation/datasets_new/masks/0031-earring3_scene01/00031.jpg,earring,/data/liuluyan/sam3/sam3_pvtt_full/frames/0031-earring3_scene01/frame_01.jpg
0031-earring3_scene01,earring,01,2,0.5209,50,/data/datasets/pvtt_new/pvtt-evaluation/datasets_new/masks/0031-earring3_scene01/00051.jpg,earring,/data/liuluyan/sam3/sam3_pvtt_full/frames/0031-earring3_scene01/frame_02.jpg
0031-earring3_scene01,earring,01,3,0.7293,70,/data/datasets/pvtt_new/pvtt-evaluation/datasets_new/masks/0031-earring3_scene01/00071.jpg,earring,/data/liuluyan/sam3/sam3_pvtt_full/frames/0031-earring3_scene01/frame_03.jpg
0031-earring3_scene01,earring,01,4,0.9377,90,/data/datasets/pvtt_new/pvtt-evaluation/datasets_new/masks/0031-earring3_scene01/00091.jpg,earring,/data/liuluyan/sam3/sam3_pvtt_full/frames/0031-earring3_scene01/frame_04.jpg
0031-earring3_scene01,earring,01,5,1.1461,110,/data/datasets/pvtt_new/pvtt-evaluation/datasets_new/masks/0031-earring3_scene01/00111.jpg,earring,/data/liuluyan/sam3/sam3_pvtt_full/frames/0031-earring3_scene01/frame_05.jpg
0031-earring3_scene01,earring,01,6,1.3544,130,/data/datasets/pvtt_new/pvtt-evaluation/datasets_new/masks/0031-earring3_scene01/00131.jpg,earring,/data/liuluyan/sam3/sam3_pvtt_full/frames/0031-earring3_scene01/frame_06.jpg
0031-earring3_scene01,earring,01,7,1.5628,150,/data/datasets/pvtt_new/pvtt-evaluation/datasets_new/masks/0031-earring3_scene01/00151.jpg,earring,/data/liuluyan/sam3/sam3_pvtt_full/frames/0031-earring3_scene01/frame_07.jpg
0031-earring3_scene02,earring,02,0,0.1042,16,/data/datasets/pvtt_new/pvtt-evaluation/datasets_new/masks/0031-earring3_scene02/00017.jpg,earring,/data/liuluyan/sam3/sam3_pvtt_full/frames/0031-earring3_scene02/frame_00.jpg
0031-earring3_scene02,earring,02,1,0.3126,48,/data/datasets/pvtt_new/pvtt-evaluation/datasets_new/masks/0031-earring3_scene02/00049.jpg,earring,/data/liuluyan/sam3/sam3_pvtt_full/frames/0031-earring3_scene02/frame_01.jpg
0031-earring3_scene02,earring,02,2,0.5209,79,/data/datasets/pvtt_new/pvtt-evaluation/datasets_new/masks/0031-earring3_scene02/00080.jpg,earring,/data/liuluyan/sam3/sam3_pvtt_full/frames/0031-earring3_scene02/frame_02.jpg
0031-earring3_scene02,earring,02,3,0.7293,111,/data/datasets/pvtt_new/pvtt-evaluation/datasets_new/masks/0031-earring3_scene02/00112.jpg,earring,/data/liuluyan/sam3/sam3_pvtt_full/frames/0031-earring3_scene02/frame_03.jpg
0031-earring3_scene02,earring,02,4,0.9377,143,/data/datasets/pvtt_new/pvtt-evaluation/datasets_new/masks/0031-earring3_scene02/00144.jpg,earring,/data/liuluyan/sam3/sam3_pvtt_full/frames/0031-earring3_scene02/frame_04.jpg
0031-earring3_scene02,earring,02,5,1.1461,175,/data/datasets/pvtt_new/pvtt-evaluation/datasets_new/masks/0031-earring3_scene02/00176.jpg,earring,/data/liuluyan/sam3/sam3_pvtt_full/frames/0031-earring3_scene02/frame_05.jpg
0031-earring3_scene02,earring,02,6,1.3544,206,/data/datasets/pvtt_new/pvtt-evaluation/datasets_new/masks/0031-earring3_scene02/00207.jpg,earring,/data/liuluyan/sam3/sam3_pvtt_full/frames/0031-earring3_scene02/frame_06.jpg
0031-earring3_scene02,earring,02,7,1.5628,238,/data/datasets/pvtt_new/pvtt-evaluation/datasets_new/masks/0031-earring3_scene02/00239.jpg,earring,/data/liuluyan/sam3/sam3_pvtt_full/frames/0031-earring3_scene02/frame_07.jpg
0031-earring3_scene03,earring,03,0,0.1042,9,/data/datasets/pvtt_new/pvtt-evaluation/datasets_new/masks/0031-earring3_scene03/00010.jpg,earring,/data/liuluyan/sam3/sam3_pvtt_full/frames/0031-earring3_scene03/frame_00.jpg
0031-earring3_scene03,earring,03,1,0.3126,27,/data/datasets/pvtt_new/pvtt-evaluation/datasets_new/masks/0031-earring3_scene03/00028.jpg,earring,/data/liuluyan/sam3/sam3_pvtt_full/frames/0031-earring3_scene03/frame_01.jpg
0031-earring3_scene03,earring,03,2,0.5209,45,/data/datasets/pvtt_new/pvtt-evaluation/datasets_new/masks/0031-earring3_scene03/00046.jpg,earring,/data/liuluyan/sam3/sam3_pvtt_full/frames/0031-earring3_scene03/frame_02.jpg
0031-earring3_scene03,earring,03,3,0.7293,63,/data/datasets/pvtt_new/pvtt-evaluation/datasets_new/masks/0031-earring3_scene03/00064.jpg,earring,/data/liuluyan/sam3/sam3_pvtt_full/frames/0031-earring3_scene03/frame_03.jpg
0031-earring3_scene03,earring,03,4,0.9377,80,/data/datasets/pvtt_new/pvtt-evaluation/datasets_new/masks/0031-earring3_scene03/00081.jpg,earring,/data/liuluyan/sam3/sam3_pvtt_full/frames/0031-earring3_scene03/frame_04.jpg
0031-earring3_scene03,earring,03,5,1.1461,98,/data/datasets/pvtt_new/pvtt-evaluation/datasets_new/masks/0031-earring3_scene03/00099.jpg,earring,/data/liuluyan/sam3/sam3_pvtt_full/frames/0031-earring3_scene03/frame_05.jpg
0031-earring3_scene03,earring,03,6,1.3544,116,/data/datasets/pvtt_new/pvtt-evaluation/datasets_new/masks/0031-earring3_scene03/00117.jpg,earring,/data/liuluyan/sam3/sam3_pvtt_full/frames/0031-earring3_scene03/frame_06.jpg
0031-earring3_scene03,earring,03,7,1.5628,134,/data/datasets/pvtt_new/pvtt-evaluation/datasets_new/masks/0031-earring3_scene03/00135.jpg,earring,/data/liuluyan/sam3/sam3_pvtt_full/frames/0031-earring3_scene03/frame_07.jpg
0031-earring3_scene04,earring,04,0,0.1042,11,/data/datasets/pvtt_new/pvtt-evaluation/datasets_new/masks/0031-earring3_scene04/00012.jpg,earring,/data/liuluyan/sam3/sam3_pvtt_full/frames/0031-earring3_scene04/frame_00.jpg
0031-earring3_scene04,earring,04,1,0.3126,32,/data/datasets/pvtt_new/pvtt-evaluation/datasets_new/masks/0031-earring3_scene04/00033.jpg,earring,/data/liuluyan/sam3/sam3_pvtt_full/frames/0031-earring3_scene04/frame_01.jpg
0031-earring3_scene04,earring,04,2,0.5209,53,/data/datasets/pvtt_new/pvtt-evaluation/datasets_new/masks/0031-earring3_scene04/00054.jpg,earring,/data/liuluyan/sam3/sam3_pvtt_full/frames/0031-earring3_scene04/frame_02.jpg
0031-earring3_scene04,earring,04,3,0.7293,74,/data/datasets/pvtt_new/pvtt-evaluation/datasets_new/masks/0031-earring3_scene04/00075.jpg,earring,/data/liuluyan/sam3/sam3_pvtt_full/frames/0031-earring3_scene04/frame_03.jpg
0031-earring3_scene04,earring,04,4,0.9377,96,/data/datasets/pvtt_new/pvtt-evaluation/datasets_new/masks/0031-earring3_scene04/00097.jpg,earring,/data/liuluyan/sam3/sam3_pvtt_full/frames/0031-earring3_scene04/frame_04.jpg
0031-earring3_scene04,earring,04,5,1.1461,117,/data/datasets/pvtt_new/pvtt-evaluation/datasets_new/masks/0031-earring3_scene04/00118.jpg,earring,/data/liuluyan/sam3/sam3_pvtt_full/frames/0031-earring3_scene04/frame_05.jpg
0031-earring3_scene04,earring,04,6,1.3544,138,/data/datasets/pvtt_new/pvtt-evaluation/datasets_new/masks/0031-earring3_scene04/00139.jpg,earring,/data/liuluyan/sam3/sam3_pvtt_full/frames/0031-earring3_scene04/frame_06.jpg
0031-earring3_scene04,earring,04,7,1.5628,159,/data/datasets/pvtt_new/pvtt-evaluation/datasets_new/masks/0031-earring3_scene04/00160.jpg,earring,/data/liuluyan/sam3/sam3_pvtt_full/frames/0031-earring3_scene04/frame_07.jpg
0032-earring4,earring,,0,0.2084,27,/data/datasets/pvtt_new/pvtt-evaluation/datasets_new/masks/0032-earring4/00028.jpg,earring,/data/liuluyan/sam3/sam3_pvtt_full/frames/0032-earring4/frame_00.jpg
0032-earring4,earring,,1,0.6251,81,/data/datasets/pvtt_new/pvtt-evaluation/datasets_new/masks/0032-earring4/00082.jpg,earring,/data/liuluyan/sam3/sam3_pvtt_full/frames/0032-earring4/frame_01.jpg
0032-earring4,earring,,2,1.0419,136,/data/datasets/pvtt_new/pvtt-evaluation/datasets_new/masks/0032-earring4/00137.jpg,earring,/data/liuluyan/sam3/sam3_pvtt_full/frames/0032-earring4/frame_02.jpg
0032-earring4,earring,,3,1.4586,190,/data/datasets/pvtt_new/pvtt-evaluation/datasets_new/masks/0032-earring4/00191.jpg,earring,/data/liuluyan/sam3/sam3_pvtt_full/frames/0032-earring4/frame_03.jpg
0032-earring4,earring,,4,1.8754,244,/data/datasets/pvtt_new/pvtt-evaluation/datasets_new/masks/0032-earring4/00245.jpg,earring,/data/liuluyan/sam3/sam3_pvtt_full/frames/0032-earring4/frame_04.jpg
0032-earring4,earring,,5,2.2921,298,/data/datasets/pvtt_new/pvtt-evaluation/datasets_new/masks/0032-earring4/00299.jpg,earring,/data/liuluyan/sam3/sam3_pvtt_full/frames/0032-earring4/frame_05.jpg
0032-earring4,earring,,6,2.7089,353,/data/datasets/pvtt_new/pvtt-evaluation/datasets_new/masks/0032-earring4/00354.jpg,earring,/data/liuluyan/sam3/sam3_pvtt_full/frames/0032-earring4/frame_06.jpg
0032-earring4,earring,,7,3.1256,407,/data/datasets/pvtt_new/pvtt-evaluation/datasets_new/masks/0032-earring4/00408.jpg,earring,/data/liuluyan/sam3/sam3_pvtt_full/frames/0032-earring4/frame_07.jpg
0033-earring5,earring,,0,0.2084,19,/data/datasets/pvtt_new/pvtt-evaluation/datasets_new/masks/0033-earring5/00020.jpg,earring,/data/liuluyan/sam3/sam3_pvtt_full/frames/0033-earring5/frame_00.jpg
0033-earring5,earring,,1,0.6251,56,/data/datasets/pvtt_new/pvtt-evaluation/datasets_new/masks/0033-earring5/00057.jpg,earring,/data/liuluyan/sam3/sam3_pvtt_full/frames/0033-earring5/frame_01.jpg
0033-earring5,earring,,2,1.0419,93,/data/datasets/pvtt_new/pvtt-evaluation/datasets_new/masks/0033-earring5/00094.jpg,earring,/data/liuluyan/sam3/sam3_pvtt_full/frames/0033-earring5/frame_02.jpg
0033-earring5,earring,,3,1.4586,130,/data/datasets/pvtt_new/pvtt-evaluation/datasets_new/masks/0033-earring5/00131.jpg,earring,/data/liuluyan/sam3/sam3_pvtt_full/frames/0033-earring5/frame_03.jpg
0033-earring5,earring,,4,1.8754,168,/data/datasets/pvtt_new/pvtt-evaluation/datasets_new/masks/0033-earring5/00169.jpg,earring,/data/liuluyan/sam3/sam3_pvtt_full/frames/0033-earring5/frame_04.jpg
0033-earring5,earring,,5,2.2921,205,/data/datasets/pvtt_new/pvtt-evaluation/datasets_new/masks/0033-earring5/00206.jpg,earring,/data/liuluyan/sam3/sam3_pvtt_full/frames/0033-earring5/frame_05.jpg
0033-earring5,earring,,6,2.7089,242,/data/datasets/pvtt_new/pvtt-evaluation/datasets_new/masks/0033-earring5/00243.jpg,earring,/data/liuluyan/sam3/sam3_pvtt_full/frames/0033-earring5/frame_06.jpg
0033-earring5,earring,,7,3.1256,279,/data/datasets/pvtt_new/pvtt-evaluation/datasets_new/masks/0033-earring5/00280.jpg,earring,/data/liuluyan/sam3/sam3_pvtt_full/frames/0033-earring5/frame_07.jpg
0034-necklace1,necklace,,0,0.2084,24,/data/datasets/pvtt_new/pvtt-evaluation/datasets_new/masks/0034-necklace1/00025.jpg,necklace,/data/liuluyan/sam3/sam3_pvtt_full/frames/0034-necklace1/frame_00.jpg
0034-necklace1,necklace,,1,0.6251,72,/data/datasets/pvtt_new/pvtt-evaluation/datasets_new/masks/0034-necklace1/00073.jpg,necklace,/data/liuluyan/sam3/sam3_pvtt_full/frames/0034-necklace1/frame_01.jpg
0034-necklace1,necklace,,2,1.0419,120,/data/datasets/pvtt_new/pvtt-evaluation/datasets_new/masks/0034-necklace1/00121.jpg,necklace,/data/liuluyan/sam3/sam3_pvtt_full/frames/0034-necklace1/frame_02.jpg
0034-necklace1,necklace,,3,1.4586,168,/data/datasets/pvtt_new/pvtt-evaluation/datasets_new/masks/0034-necklace1/00169.jpg,necklace,/data/liuluyan/sam3/sam3_pvtt_full/frames/0034-necklace1/frame_03.jpg
0034-necklace1,necklace,,4,1.8754,215,/data/datasets/pvtt_new/pvtt-evaluation/datasets_new/masks/0034-necklace1/00216.jpg,necklace,/data/liuluyan/sam3/sam3_pvtt_full/frames/0034-necklace1/frame_04.jpg
0034-necklace1,necklace,,5,2.2921,263,/data/datasets/pvtt_new/pvtt-evaluation/datasets_new/masks/0034-necklace1/00264.jpg,necklace,/data/liuluyan/sam3/sam3_pvtt_full/frames/0034-necklace1/frame_05.jpg
0034-necklace1,necklace,,6,2.7089,311,/data/datasets/pvtt_new/pvtt-evaluation/datasets_new/masks/0034-necklace1/00312.jpg,necklace,/data/liuluyan/sam3/sam3_pvtt_full/frames/0034-necklace1/frame_06.jpg
0034-necklace1,necklace,,7,3.1256,359,/data/datasets/pvtt_new/pvtt-evaluation/datasets_new/masks/0034-necklace1/00360.jpg,necklace,/data/liuluyan/sam3/sam3_pvtt_full/frames/0034-necklace1/frame_07.jpg
0035-necklace2,necklace,,0,0.125,36,/data/datasets/pvtt_new/pvtt-evaluation/datasets_new/masks/0035-necklace2/00037.jpg,necklace,/data/liuluyan/sam3/sam3_pvtt_full/frames/0035-necklace2/frame_00.jpg
0035-necklace2,necklace,,1,0.375,108,/data/datasets/pvtt_new/pvtt-evaluation/datasets_new/masks/0035-necklace2/00109.jpg,necklace,/data/liuluyan/sam3/sam3_pvtt_full/frames/0035-necklace2/frame_01.jpg
0035-necklace2,necklace,,2,0.625,180,/data/datasets/pvtt_new/pvtt-evaluation/datasets_new/masks/0035-necklace2/00181.jpg,necklace,/data/liuluyan/sam3/sam3_pvtt_full/frames/0035-necklace2/frame_02.jpg
0035-necklace2,necklace,,3,0.875,252,/data/datasets/pvtt_new/pvtt-evaluation/datasets_new/masks/0035-necklace2/00253.jpg,necklace,/data/liuluyan/sam3/sam3_pvtt_full/frames/0035-necklace2/frame_03.jpg
0035-necklace2,necklace,,4,1.125,323,/data/datasets/pvtt_new/pvtt-evaluation/datasets_new/masks/0035-necklace2/00324.jpg,necklace,/data/liuluyan/sam3/sam3_pvtt_full/frames/0035-necklace2/frame_04.jpg
0035-necklace2,necklace,,5,1.375,395,/data/datasets/pvtt_new/pvtt-evaluation/datasets_new/masks/0035-necklace2/00396.jpg,necklace,/data/liuluyan/sam3/sam3_pvtt_full/frames/0035-necklace2/frame_05.jpg
0035-necklace2,necklace,,6,1.625,467,/data/datasets/pvtt_new/pvtt-evaluation/datasets_new/masks/0035-necklace2/00468.jpg,necklace,/data/liuluyan/sam3/sam3_pvtt_full/frames/0035-necklace2/frame_06.jpg
0035-necklace2,necklace,,7,1.875,539,/data/datasets/pvtt_new/pvtt-evaluation/datasets_new/masks/0035-necklace2/00540.jpg,necklace,/data/liuluyan/sam3/sam3_pvtt_full/frames/0035-necklace2/frame_07.jpg
0036-necklace3_scene01,necklace,01,0,0.2225,6,/data/datasets/pvtt_new/pvtt-evaluation/datasets_new/masks/0036-necklace3_scene01/00007.jpg,necklace,/data/liuluyan/sam3/sam3_pvtt_full/frames/0036-necklace3_scene01/frame_00.jpg
0036-necklace3_scene01,necklace,01,1,0.6675,16,/data/datasets/pvtt_new/pvtt-evaluation/datasets_new/masks/0036-necklace3_scene01/00017.jpg,necklace,/data/liuluyan/sam3/sam3_pvtt_full/frames/0036-necklace3_scene01/frame_01.jpg
0036-necklace3_scene01,necklace,01,2,1.1125,28,/data/datasets/pvtt_new/pvtt-evaluation/datasets_new/masks/0036-necklace3_scene01/00029.jpg,necklace,/data/liuluyan/sam3/sam3_pvtt_full/frames/0036-necklace3_scene01/frame_02.jpg
0036-necklace3_scene01,necklace,01,3,1.5575,38,/data/datasets/pvtt_new/pvtt-evaluation/datasets_new/masks/0036-necklace3_scene01/00039.jpg,necklace,/data/liuluyan/sam3/sam3_pvtt_full/frames/0036-necklace3_scene01/frame_03.jpg
0036-necklace3_scene01,necklace,01,4,2.0025,50,/data/datasets/pvtt_new/pvtt-evaluation/datasets_new/masks/0036-necklace3_scene01/00051.jpg,necklace,/data/liuluyan/sam3/sam3_pvtt_full/frames/0036-necklace3_scene01/frame_04.jpg
0036-necklace3_scene01,necklace,01,5,2.4475,60,/data/datasets/pvtt_new/pvtt-evaluation/datasets_new/masks/0036-necklace3_scene01/00061.jpg,necklace,/data/liuluyan/sam3/sam3_pvtt_full/frames/0036-necklace3_scene01/frame_05.jpg
0036-necklace3_scene01,necklace,01,6,2.8925,72,/data/datasets/pvtt_new/pvtt-evaluation/datasets_new/masks/0036-necklace3_scene01/00073.jpg,necklace,/data/liuluyan/sam3/sam3_pvtt_full/frames/0036-necklace3_scene01/frame_06.jpg
0036-necklace3_scene01,necklace,01,7,3.3375,82,/data/datasets/pvtt_new/pvtt-evaluation/datasets_new/masks/0036-necklace3_scene01/00083.jpg,necklace,/data/liuluyan/sam3/sam3_pvtt_full/frames/0036-necklace3_scene01/frame_07.jpg
0036-necklace3_scene02,necklace,02,0,0.19,5,/data/datasets/pvtt_new/pvtt-evaluation/datasets_new/masks/0036-necklace3_scene02/00006.jpg,necklace,/data/liuluyan/sam3/sam3_pvtt_full/frames/0036-necklace3_scene02/frame_00.jpg
0036-necklace3_scene02,necklace,02,1,0.57,14,/data/datasets/pvtt_new/pvtt-evaluation/datasets_new/masks/0036-necklace3_scene02/00015.jpg,necklace,/data/liuluyan/sam3/sam3_pvtt_full/frames/0036-necklace3_scene02/frame_01.jpg
0036-necklace3_scene02,necklace,02,2,0.95,23,/data/datasets/pvtt_new/pvtt-evaluation/datasets_new/masks/0036-necklace3_scene02/00024.jpg,necklace,/data/liuluyan/sam3/sam3_pvtt_full/frames/0036-necklace3_scene02/frame_02.jpg
0036-necklace3_scene02,necklace,02,3,1.33,33,/data/datasets/pvtt_new/pvtt-evaluation/datasets_new/masks/0036-necklace3_scene02/00034.jpg,necklace,/data/liuluyan/sam3/sam3_pvtt_full/frames/0036-necklace3_scene02/frame_03.jpg
0036-necklace3_scene02,necklace,02,4,1.71,42,/data/datasets/pvtt_new/pvtt-evaluation/datasets_new/masks/0036-necklace3_scene02/00043.jpg,necklace,/data/liuluyan/sam3/sam3_pvtt_full/frames/0036-necklace3_scene02/frame_04.jpg
0036-necklace3_scene02,necklace,02,5,2.09,52,/data/datasets/pvtt_new/pvtt-evaluation/datasets_new/masks/0036-necklace3_scene02/00053.jpg,necklace,/data/liuluyan/sam3/sam3_pvtt_full/frames/0036-necklace3_scene02/frame_05.jpg
0036-necklace3_scene02,necklace,02,6,2.47,61,/data/datasets/pvtt_new/pvtt-evaluation/datasets_new/masks/0036-necklace3_scene02/00062.jpg,necklace,/data/liuluyan/sam3/sam3_pvtt_full/frames/0036-necklace3_scene02/frame_06.jpg
0036-necklace3_scene02,necklace,02,7,2.85,70,/data/datasets/pvtt_new/pvtt-evaluation/datasets_new/masks/0036-necklace3_scene02/00071.jpg,necklace,/data/liuluyan/sam3/sam3_pvtt_full/frames/0036-necklace3_scene02/frame_07.jpg
0036-necklace3_scene03,necklace,03,0,0.2125,5,/data/datasets/pvtt_new/pvtt-evaluation/datasets_new/masks/0036-necklace3_scene03/00006.jpg,necklace,/data/liuluyan/sam3/sam3_pvtt_full/frames/0036-necklace3_scene03/frame_00.jpg
0036-necklace3_scene03,necklace,03,1,0.6375,16,/data/datasets/pvtt_new/pvtt-evaluation/datasets_new/masks/0036-necklace3_scene03/00017.jpg,necklace,/data/liuluyan/sam3/sam3_pvtt_full/frames/0036-necklace3_scene03/frame_01.jpg
0036-necklace3_scene03,necklace,03,2,1.0625,26,/data/datasets/pvtt_new/pvtt-evaluation/datasets_new/masks/0036-necklace3_scene03/00027.jpg,necklace,/data/liuluyan/sam3/sam3_pvtt_full/frames/0036-necklace3_scene03/frame_02.jpg
0036-necklace3_scene03,necklace,03,3,1.4875,37,/data/datasets/pvtt_new/pvtt-evaluation/datasets_new/masks/0036-necklace3_scene03/00038.jpg,necklace,/data/liuluyan/sam3/sam3_pvtt_full/frames/0036-necklace3_scene03/frame_03.jpg
0036-necklace3_scene03,necklace,03,4,1.9125,47,/data/datasets/pvtt_new/pvtt-evaluation/datasets_new/masks/0036-necklace3_scene03/00048.jpg,necklace,/data/liuluyan/sam3/sam3_pvtt_full/frames/0036-necklace3_scene03/frame_04.jpg
0036-necklace3_scene03,necklace,03,5,2.3375,58,/data/datasets/pvtt_new/pvtt-evaluation/datasets_new/masks/0036-necklace3_scene03/00059.jpg,necklace,/data/liuluyan/sam3/sam3_pvtt_full/frames/0036-necklace3_scene03/frame_05.jpg
0036-necklace3_scene03,necklace,03,6,2.7625,68,/data/datasets/pvtt_new/pvtt-evaluation/datasets_new/masks/0036-necklace3_scene03/00069.jpg,necklace,/data/liuluyan/sam3/sam3_pvtt_full/frames/0036-necklace3_scene03/frame_06.jpg
0036-necklace3_scene03,necklace,03,7,3.1875,79,/data/datasets/pvtt_new/pvtt-evaluation/datasets_new/masks/0036-necklace3_scene03/00080.jpg,necklace,/data/liuluyan/sam3/sam3_pvtt_full/frames/0036-necklace3_scene03/frame_07.jpg
0036-necklace3_scene04,necklace,04,0,0.25,7,/data/datasets/pvtt_new/pvtt-evaluation/datasets_new/masks/0036-necklace3_scene04/00008.jpg,necklace,/data/liuluyan/sam3/sam3_pvtt_full/frames/0036-necklace3_scene04/frame_00.jpg
0036-necklace3_scene04,necklace,04,1,0.75,20,/data/datasets/pvtt_new/pvtt-evaluation/datasets_new/masks/0036-necklace3_scene04/00021.jpg,necklace,/data/liuluyan/sam3/sam3_pvtt_full/frames/0036-necklace3_scene04/frame_01.jpg
0036-necklace3_scene04,necklace,04,2,1.25,33,/data/datasets/pvtt_new/pvtt-evaluation/datasets_new/masks/0036-necklace3_scene04/00034.jpg,necklace,/data/liuluyan/sam3/sam3_pvtt_full/frames/0036-necklace3_scene04/frame_02.jpg
0036-necklace3_scene04,necklace,04,3,1.75,47,/data/datasets/pvtt_new/pvtt-evaluation/datasets_new/masks/0036-necklace3_scene04/00048.jpg,necklace,/data/liuluyan/sam3/sam3_pvtt_full/frames/0036-necklace3_scene04/frame_03.jpg
0036-necklace3_scene04,necklace,04,4,2.25,60,/data/datasets/pvtt_new/pvtt-evaluation/datasets_new/masks/0036-necklace3_scene04/00061.jpg,necklace,/data/liuluyan/sam3/sam3_pvtt_full/frames/0036-necklace3_scene04/frame_04.jpg
0036-necklace3_scene04,necklace,04,5,2.75,74,/data/datasets/pvtt_new/pvtt-evaluation/datasets_new/masks/0036-necklace3_scene04/00075.jpg,necklace,/data/liuluyan/sam3/sam3_pvtt_full/frames/0036-necklace3_scene04/frame_05.jpg
0036-necklace3_scene04,necklace,04,6,3.25,87,/data/datasets/pvtt_new/pvtt-evaluation/datasets_new/masks/0036-necklace3_scene04/00088.jpg,necklace,/data/liuluyan/sam3/sam3_pvtt_full/frames/0036-necklace3_scene04/frame_06.jpg
0036-necklace3_scene04,necklace,04,7,3.75,100,/data/datasets/pvtt_new/pvtt-evaluation/datasets_new/masks/0036-necklace3_scene04/00101.jpg,necklace,/data/liuluyan/sam3/sam3_pvtt_full/frames/0036-necklace3_scene04/frame_07.jpg
0037-necklace4,necklace,,0,0.2084,21,/data/datasets/pvtt_new/pvtt-evaluation/datasets_new/masks/0037-necklace4/00022.jpg,necklace,/data/liuluyan/sam3/sam3_pvtt_full/frames/0037-necklace4/frame_00.jpg
0037-necklace4,necklace,,1,0.6251,62,/data/datasets/pvtt_new/pvtt-evaluation/datasets_new/masks/0037-necklace4/00063.jpg,necklace,/data/liuluyan/sam3/sam3_pvtt_full/frames/0037-necklace4/frame_01.jpg
0037-necklace4,necklace,,2,1.0419,104,/data/datasets/pvtt_new/pvtt-evaluation/datasets_new/masks/0037-necklace4/00105.jpg,necklace,/data/liuluyan/sam3/sam3_pvtt_full/frames/0037-necklace4/frame_02.jpg
0037-necklace4,necklace,,3,1.4586,146,/data/datasets/pvtt_new/pvtt-evaluation/datasets_new/masks/0037-necklace4/00147.jpg,necklace,/data/liuluyan/sam3/sam3_pvtt_full/frames/0037-necklace4/frame_03.jpg
0037-necklace4,necklace,,4,1.8754,187,/data/datasets/pvtt_new/pvtt-evaluation/datasets_new/masks/0037-necklace4/00188.jpg,necklace,/data/liuluyan/sam3/sam3_pvtt_full/frames/0037-necklace4/frame_04.jpg
0037-necklace4,necklace,,5,2.2921,229,/data/datasets/pvtt_new/pvtt-evaluation/datasets_new/masks/0037-necklace4/00230.jpg,necklace,/data/liuluyan/sam3/sam3_pvtt_full/frames/0037-necklace4/frame_05.jpg
0037-necklace4,necklace,,6,2.7089,271,/data/datasets/pvtt_new/pvtt-evaluation/datasets_new/masks/0037-necklace4/00272.jpg,necklace,/data/liuluyan/sam3/sam3_pvtt_full/frames/0037-necklace4/frame_06.jpg
0037-necklace4,necklace,,7,3.1256,312,/data/datasets/pvtt_new/pvtt-evaluation/datasets_new/masks/0037-necklace4/00313.jpg,necklace,/data/liuluyan/sam3/sam3_pvtt_full/frames/0037-necklace4/frame_07.jpg
0038-necklace5,necklace,,0,0.2084,27,/data/datasets/pvtt_new/pvtt-evaluation/datasets_new/masks/0038-necklace5/00028.jpg,necklace,/data/liuluyan/sam3/sam3_pvtt_full/frames/0038-necklace5/frame_00.jpg
0038-necklace5,necklace,,1,0.6251,81,/data/datasets/pvtt_new/pvtt-evaluation/datasets_new/masks/0038-necklace5/00082.jpg,necklace,/data/liuluyan/sam3/sam3_pvtt_full/frames/0038-necklace5/frame_01.jpg
0038-necklace5,necklace,,2,1.0419,134,/data/datasets/pvtt_new/pvtt-evaluation/datasets_new/masks/0038-necklace5/00135.jpg,necklace,/data/liuluyan/sam3/sam3_pvtt_full/frames/0038-necklace5/frame_02.jpg
0038-necklace5,necklace,,3,1.4586,188,/data/datasets/pvtt_new/pvtt-evaluation/datasets_new/masks/0038-necklace5/00189.jpg,necklace,/data/liuluyan/sam3/sam3_pvtt_full/frames/0038-necklace5/frame_03.jpg
0038-necklace5,necklace,,5,2.2921,296,/data/datasets/pvtt_new/pvtt-evaluation/datasets_new/masks/0038-necklace5/00297.jpg,necklace,/data/liuluyan/sam3/sam3_pvtt_full/frames/0038-necklace5/frame_05.jpg
0038-necklace5,necklace,,6,2.7089,349,/data/datasets/pvtt_new/pvtt-evaluation/datasets_new/masks/0038-necklace5/00350.jpg,necklace,/data/liuluyan/sam3/sam3_pvtt_full/frames/0038-necklace5/frame_06.jpg
0038-necklace5,necklace,,7,3.1256,403,/data/datasets/pvtt_new/pvtt-evaluation/datasets_new/masks/0038-necklace5/00404.jpg,necklace,/data/liuluyan/sam3/sam3_pvtt_full/frames/0038-necklace5/frame_07.jpg
0039-necklace6_scene01,necklace,01,0,0.2086,8,/data/datasets/pvtt_new/pvtt-evaluation/datasets_new/masks/0039-necklace6_scene01/00009.jpg,necklace,/data/liuluyan/sam3/sam3_pvtt_full/frames/0039-necklace6_scene01/frame_00.jpg
0039-necklace6_scene01,necklace,01,1,0.6257,24,/data/datasets/pvtt_new/pvtt-evaluation/datasets_new/masks/0039-necklace6_scene01/00025.jpg,necklace,/data/liuluyan/sam3/sam3_pvtt_full/frames/0039-necklace6_scene01/frame_01.jpg
0039-necklace6_scene01,necklace,01,2,1.0428,40,/data/datasets/pvtt_new/pvtt-evaluation/datasets_new/masks/0039-necklace6_scene01/00041.jpg,necklace,/data/liuluyan/sam3/sam3_pvtt_full/frames/0039-necklace6_scene01/frame_02.jpg
0039-necklace6_scene01,necklace,01,3,1.4599,56,/data/datasets/pvtt_new/pvtt-evaluation/datasets_new/masks/0039-necklace6_scene01/00057.jpg,necklace,/data/liuluyan/sam3/sam3_pvtt_full/frames/0039-necklace6_scene01/frame_03.jpg
0039-necklace6_scene01,necklace,01,4,1.8771,73,/data/datasets/pvtt_new/pvtt-evaluation/datasets_new/masks/0039-necklace6_scene01/00074.jpg,necklace,/data/liuluyan/sam3/sam3_pvtt_full/frames/0039-necklace6_scene01/frame_04.jpg
0039-necklace6_scene01,necklace,01,5,2.2942,89,/data/datasets/pvtt_new/pvtt-evaluation/datasets_new/masks/0039-necklace6_scene01/00090.jpg,necklace,/data/liuluyan/sam3/sam3_pvtt_full/frames/0039-necklace6_scene01/frame_05.jpg
0039-necklace6_scene01,necklace,01,6,2.7113,105,/data/datasets/pvtt_new/pvtt-evaluation/datasets_new/masks/0039-necklace6_scene01/00106.jpg,necklace,/data/liuluyan/sam3/sam3_pvtt_full/frames/0039-necklace6_scene01/frame_06.jpg
0039-necklace6_scene01,necklace,01,7,3.1284,121,/data/datasets/pvtt_new/pvtt-evaluation/datasets_new/masks/0039-necklace6_scene01/00122.jpg,necklace,/data/liuluyan/sam3/sam3_pvtt_full/frames/0039-necklace6_scene01/frame_07.jpg
0039-necklace6_scene02,necklace,02,0,0.2086,8,/data/datasets/pvtt_new/pvtt-evaluation/datasets_new/masks/0039-necklace6_scene02/00009.jpg,necklace,/data/liuluyan/sam3/sam3_pvtt_full/frames/0039-necklace6_scene02/frame_00.jpg
0039-necklace6_scene02,necklace,02,1,0.6257,25,/data/datasets/pvtt_new/pvtt-evaluation/datasets_new/masks/0039-necklace6_scene02/00026.jpg,necklace,/data/liuluyan/sam3/sam3_pvtt_full/frames/0039-necklace6_scene02/frame_01.jpg
0039-necklace6_scene02,necklace,02,2,1.0428,42,/data/datasets/pvtt_new/pvtt-evaluation/datasets_new/masks/0039-necklace6_scene02/00043.jpg,necklace,/data/liuluyan/sam3/sam3_pvtt_full/frames/0039-necklace6_scene02/frame_02.jpg
0039-necklace6_scene02,necklace,02,3,1.4599,58,/data/datasets/pvtt_new/pvtt-evaluation/datasets_new/masks/0039-necklace6_scene02/00059.jpg,necklace,/data/liuluyan/sam3/sam3_pvtt_full/frames/0039-necklace6_scene02/frame_03.jpg
0039-necklace6_scene02,necklace,02,4,1.8771,75,/data/datasets/pvtt_new/pvtt-evaluation/datasets_new/masks/0039-necklace6_scene02/00076.jpg,necklace,/data/liuluyan/sam3/sam3_pvtt_full/frames/0039-necklace6_scene02/frame_04.jpg
0039-necklace6_scene02,necklace,02,5,2.2942,91,/data/datasets/pvtt_new/pvtt-evaluation/datasets_new/masks/0039-necklace6_scene02/00092.jpg,necklace,/data/liuluyan/sam3/sam3_pvtt_full/frames/0039-necklace6_scene02/frame_05.jpg
0039-necklace6_scene02,necklace,02,6,2.7113,108,/data/datasets/pvtt_new/pvtt-evaluation/datasets_new/masks/0039-necklace6_scene02/00109.jpg,necklace,/data/liuluyan/sam3/sam3_pvtt_full/frames/0039-necklace6_scene02/frame_06.jpg
0039-necklace6_scene02,necklace,02,7,3.1284,125,/data/datasets/pvtt_new/pvtt-evaluation/datasets_new/masks/0039-necklace6_scene02/00126.jpg,necklace,/data/liuluyan/sam3/sam3_pvtt_full/frames/0039-necklace6_scene02/frame_07.jpg
0039-necklace6_scene03,necklace,03,0,0.2086,11,/data/datasets/pvtt_new/pvtt-evaluation/datasets_new/masks/0039-necklace6_scene03/00012.jpg,necklace,/data/liuluyan/sam3/sam3_pvtt_full/frames/0039-necklace6_scene03/frame_00.jpg
0039-necklace6_scene03,necklace,03,1,0.6257,33,/data/datasets/pvtt_new/pvtt-evaluation/datasets_new/masks/0039-necklace6_scene03/00034.jpg,necklace,/data/liuluyan/sam3/sam3_pvtt_full/frames/0039-necklace6_scene03/frame_01.jpg
0039-necklace6_scene03,necklace,03,2,1.0428,55,/data/datasets/pvtt_new/pvtt-evaluation/datasets_new/masks/0039-necklace6_scene03/00056.jpg,necklace,/data/liuluyan/sam3/sam3_pvtt_full/frames/0039-necklace6_scene03/frame_02.jpg
0039-necklace6_scene03,necklace,03,3,1.4599,77,/data/datasets/pvtt_new/pvtt-evaluation/datasets_new/masks/0039-necklace6_scene03/00078.jpg,necklace,/data/liuluyan/sam3/sam3_pvtt_full/frames/0039-necklace6_scene03/frame_03.jpg
0039-necklace6_scene03,necklace,03,4,1.8771,100,/data/datasets/pvtt_new/pvtt-evaluation/datasets_new/masks/0039-necklace6_scene03/00101.jpg,necklace,/data/liuluyan/sam3/sam3_pvtt_full/frames/0039-necklace6_scene03/frame_04.jpg
0039-necklace6_scene03,necklace,03,5,2.2942,122,/data/datasets/pvtt_new/pvtt-evaluation/datasets_new/masks/0039-necklace6_scene03/00123.jpg,necklace,/data/liuluyan/sam3/sam3_pvtt_full/frames/0039-necklace6_scene03/frame_05.jpg
0039-necklace6_scene03,necklace,03,6,2.7113,144,/data/datasets/pvtt_new/pvtt-evaluation/datasets_new/masks/0039-necklace6_scene03/00145.jpg,necklace,/data/liuluyan/sam3/sam3_pvtt_full/frames/0039-necklace6_scene03/frame_06.jpg
0039-necklace6_scene03,necklace,03,7,3.1284,166,/data/datasets/pvtt_new/pvtt-evaluation/datasets_new/masks/0039-necklace6_scene03/00167.jpg,necklace,/data/liuluyan/sam3/sam3_pvtt_full/frames/0039-necklace6_scene03/frame_07.jpg
0040-necklace7_scene01,necklace,01,0,0.2086,7,/data/datasets/pvtt_new/pvtt-evaluation/datasets_new/masks/0040-necklace7_scene01/00008.jpg,necklace,/data/liuluyan/sam3/sam3_pvtt_full/frames/0040-necklace7_scene01/frame_00.jpg
0040-necklace7_scene01,necklace,01,1,0.6257,21,/data/datasets/pvtt_new/pvtt-evaluation/datasets_new/masks/0040-necklace7_scene01/00022.jpg,necklace,/data/liuluyan/sam3/sam3_pvtt_full/frames/0040-necklace7_scene01/frame_01.jpg
0040-necklace7_scene01,necklace,01,2,1.0428,35,/data/datasets/pvtt_new/pvtt-evaluation/datasets_new/masks/0040-necklace7_scene01/00036.jpg,necklace,/data/liuluyan/sam3/sam3_pvtt_full/frames/0040-necklace7_scene01/frame_02.jpg
0040-necklace7_scene01,necklace,01,3,1.4599,49,/data/datasets/pvtt_new/pvtt-evaluation/datasets_new/masks/0040-necklace7_scene01/00050.jpg,necklace,/data/liuluyan/sam3/sam3_pvtt_full/frames/0040-necklace7_scene01/frame_03.jpg
0040-necklace7_scene01,necklace,01,4,1.8771,64,/data/datasets/pvtt_new/pvtt-evaluation/datasets_new/masks/0040-necklace7_scene01/00065.jpg,necklace,/data/liuluyan/sam3/sam3_pvtt_full/frames/0040-necklace7_scene01/frame_04.jpg
0040-necklace7_scene01,necklace,01,5,2.2942,78,/data/datasets/pvtt_new/pvtt-evaluation/datasets_new/masks/0040-necklace7_scene01/00079.jpg,necklace,/data/liuluyan/sam3/sam3_pvtt_full/frames/0040-necklace7_scene01/frame_05.jpg
0040-necklace7_scene01,necklace,01,6,2.7113,92,/data/datasets/pvtt_new/pvtt-evaluation/datasets_new/masks/0040-necklace7_scene01/00093.jpg,necklace,/data/liuluyan/sam3/sam3_pvtt_full/frames/0040-necklace7_scene01/frame_06.jpg
0040-necklace7_scene01,necklace,01,7,3.1284,106,/data/datasets/pvtt_new/pvtt-evaluation/datasets_new/masks/0040-necklace7_scene01/00107.jpg,necklace,/data/liuluyan/sam3/sam3_pvtt_full/frames/0040-necklace7_scene01/frame_07.jpg
0040-necklace7_scene02,necklace,02,0,0.2086,7,/data/datasets/pvtt_new/pvtt-evaluation/datasets_new/masks/0040-necklace7_scene02/00008.jpg,necklace,/data/liuluyan/sam3/sam3_pvtt_full/frames/0040-necklace7_scene02/frame_00.jpg
0040-necklace7_scene02,necklace,02,1,0.6257,22,/data/datasets/pvtt_new/pvtt-evaluation/datasets_new/masks/0040-necklace7_scene02/00023.jpg,necklace,/data/liuluyan/sam3/sam3_pvtt_full/frames/0040-necklace7_scene02/frame_01.jpg
0040-necklace7_scene02,necklace,02,2,1.0428,37,/data/datasets/pvtt_new/pvtt-evaluation/datasets_new/masks/0040-necklace7_scene02/00038.jpg,necklace,/data/liuluyan/sam3/sam3_pvtt_full/frames/0040-necklace7_scene02/frame_02.jpg
0040-necklace7_scene02,necklace,02,3,1.4599,52,/data/datasets/pvtt_new/pvtt-evaluation/datasets_new/masks/0040-necklace7_scene02/00053.jpg,necklace,/data/liuluyan/sam3/sam3_pvtt_full/frames/0040-necklace7_scene02/frame_03.jpg
0040-necklace7_scene02,necklace,02,4,1.8771,67,/data/datasets/pvtt_new/pvtt-evaluation/datasets_new/masks/0040-necklace7_scene02/00068.jpg,necklace,/data/liuluyan/sam3/sam3_pvtt_full/frames/0040-necklace7_scene02/frame_04.jpg
0040-necklace7_scene02,necklace,02,5,2.2942,82,/data/datasets/pvtt_new/pvtt-evaluation/datasets_new/masks/0040-necklace7_scene02/00083.jpg,necklace,/data/liuluyan/sam3/sam3_pvtt_full/frames/0040-necklace7_scene02/frame_05.jpg
0040-necklace7_scene02,necklace,02,6,2.7113,97,/data/datasets/pvtt_new/pvtt-evaluation/datasets_new/masks/0040-necklace7_scene02/00098.jpg,necklace,/data/liuluyan/sam3/sam3_pvtt_full/frames/0040-necklace7_scene02/frame_06.jpg
0040-necklace7_scene02,necklace,02,7,3.1284,112,/data/datasets/pvtt_new/pvtt-evaluation/datasets_new/masks/0040-necklace7_scene02/00113.jpg,necklace,/data/liuluyan/sam3/sam3_pvtt_full/frames/0040-necklace7_scene02/frame_07.jpg
0040-necklace7_scene03,necklace,03,0,0.2086,8,/data/datasets/pvtt_new/pvtt-evaluation/datasets_new/masks/0040-necklace7_scene03/00009.jpg,necklace,/data/liuluyan/sam3/sam3_pvtt_full/frames/0040-necklace7_scene03/frame_00.jpg
0040-necklace7_scene03,necklace,03,1,0.6257,24,/data/datasets/pvtt_new/pvtt-evaluation/datasets_new/masks/0040-necklace7_scene03/00025.jpg,necklace,/data/liuluyan/sam3/sam3_pvtt_full/frames/0040-necklace7_scene03/frame_01.jpg
0040-necklace7_scene03,necklace,03,2,1.0428,39,/data/datasets/pvtt_new/pvtt-evaluation/datasets_new/masks/0040-necklace7_scene03/00040.jpg,necklace,/data/liuluyan/sam3/sam3_pvtt_full/frames/0040-necklace7_scene03/frame_02.jpg
0040-necklace7_scene03,necklace,03,3,1.4599,55,/data/datasets/pvtt_new/pvtt-evaluation/datasets_new/masks/0040-necklace7_scene03/00056.jpg,necklace,/data/liuluyan/sam3/sam3_pvtt_full/frames/0040-necklace7_scene03/frame_03.jpg
0040-necklace7_scene03,necklace,03,4,1.8771,71,/data/datasets/pvtt_new/pvtt-evaluation/datasets_new/masks/0040-necklace7_scene03/00072.jpg,necklace,/data/liuluyan/sam3/sam3_pvtt_full/frames/0040-necklace7_scene03/frame_04.jpg
0040-necklace7_scene03,necklace,03,5,2.2942,87,/data/datasets/pvtt_new/pvtt-evaluation/datasets_new/masks/0040-necklace7_scene03/00088.jpg,necklace,/data/liuluyan/sam3/sam3_pvtt_full/frames/0040-necklace7_scene03/frame_05.jpg
0040-necklace7_scene03,necklace,03,6,2.7113,102,/data/datasets/pvtt_new/pvtt-evaluation/datasets_new/masks/0040-necklace7_scene03/00103.jpg,necklace,/data/liuluyan/sam3/sam3_pvtt_full/frames/0040-necklace7_scene03/frame_06.jpg
0040-necklace7_scene03,necklace,03,7,3.1284,118,/data/datasets/pvtt_new/pvtt-evaluation/datasets_new/masks/0040-necklace7_scene03/00119.jpg,necklace,/data/liuluyan/sam3/sam3_pvtt_full/frames/0040-necklace7_scene03/frame_07.jpg
0040-necklace7_scene04,necklace,04,0,0.1669,5,/data/datasets/pvtt_new/pvtt-evaluation/datasets_new/masks/0040-necklace7_scene04/00006.jpg,necklace,/data/liuluyan/sam3/sam3_pvtt_full/frames/0040-necklace7_scene04/frame_00.jpg
0040-necklace7_scene04,necklace,04,1,0.5006,15,/data/datasets/pvtt_new/pvtt-evaluation/datasets_new/masks/0040-necklace7_scene04/00016.jpg,necklace,/data/liuluyan/sam3/sam3_pvtt_full/frames/0040-necklace7_scene04/frame_01.jpg
0040-necklace7_scene04,necklace,04,2,0.8344,25,/data/datasets/pvtt_new/pvtt-evaluation/datasets_new/masks/0040-necklace7_scene04/00026.jpg,necklace,/data/liuluyan/sam3/sam3_pvtt_full/frames/0040-necklace7_scene04/frame_02.jpg
0040-necklace7_scene04,necklace,04,3,1.1681,35,/data/datasets/pvtt_new/pvtt-evaluation/datasets_new/masks/0040-necklace7_scene04/00036.jpg,necklace,/data/liuluyan/sam3/sam3_pvtt_full/frames/0040-necklace7_scene04/frame_03.jpg
0040-necklace7_scene04,necklace,04,4,1.5019,44,/data/datasets/pvtt_new/pvtt-evaluation/datasets_new/masks/0040-necklace7_scene04/00045.jpg,necklace,/data/liuluyan/sam3/sam3_pvtt_full/frames/0040-necklace7_scene04/frame_04.jpg
0040-necklace7_scene04,necklace,04,5,1.8356,54,/data/datasets/pvtt_new/pvtt-evaluation/datasets_new/masks/0040-necklace7_scene04/00055.jpg,necklace,/data/liuluyan/sam3/sam3_pvtt_full/frames/0040-necklace7_scene04/frame_05.jpg
0040-necklace7_scene04,necklace,04,6,2.1694,64,/data/datasets/pvtt_new/pvtt-evaluation/datasets_new/masks/0040-necklace7_scene04/00065.jpg,necklace,/data/liuluyan/sam3/sam3_pvtt_full/frames/0040-necklace7_scene04/frame_06.jpg
0040-necklace7_scene04,necklace,04,7,2.5031,74,/data/datasets/pvtt_new/pvtt-evaluation/datasets_new/masks/0040-necklace7_scene04/00075.jpg,necklace,/data/liuluyan/sam3/sam3_pvtt_full/frames/0040-necklace7_scene04/frame_07.jpg
0041-watch1,watch,,0,0.2084,14,/data/datasets/pvtt_new/pvtt-evaluation/datasets_new/masks/0041-watch1/00015.jpg,wristwatch,/data/liuluyan/sam3/sam3_pvtt_full/frames/0041-watch1/frame_00.jpg
0041-watch1,watch,,1,0.6251,43,/data/datasets/pvtt_new/pvtt-evaluation/datasets_new/masks/0041-watch1/00044.jpg,wristwatch,/data/liuluyan/sam3/sam3_pvtt_full/frames/0041-watch1/frame_01.jpg
0041-watch1,watch,,2,1.0419,72,/data/datasets/pvtt_new/pvtt-evaluation/datasets_new/masks/0041-watch1/00073.jpg,wristwatch,/data/liuluyan/sam3/sam3_pvtt_full/frames/0041-watch1/frame_02.jpg
0041-watch1,watch,,3,1.4586,101,/data/datasets/pvtt_new/pvtt-evaluation/datasets_new/masks/0041-watch1/00102.jpg,wristwatch,/data/liuluyan/sam3/sam3_pvtt_full/frames/0041-watch1/frame_03.jpg
0041-watch1,watch,,4,1.8754,129,/data/datasets/pvtt_new/pvtt-evaluation/datasets_new/masks/0041-watch1/00130.jpg,wristwatch,/data/liuluyan/sam3/sam3_pvtt_full/frames/0041-watch1/frame_04.jpg
0041-watch1,watch,,5,2.2921,158,/data/datasets/pvtt_new/pvtt-evaluation/datasets_new/masks/0041-watch1/00159.jpg,wristwatch,/data/liuluyan/sam3/sam3_pvtt_full/frames/0041-watch1/frame_05.jpg
0041-watch1,watch,,6,2.7089,187,/data/datasets/pvtt_new/pvtt-evaluation/datasets_new/masks/0041-watch1/00188.jpg,wristwatch,/data/liuluyan/sam3/sam3_pvtt_full/frames/0041-watch1/frame_06.jpg
0041-watch1,watch,,7,3.1256,216,/data/datasets/pvtt_new/pvtt-evaluation/datasets_new/masks/0041-watch1/00217.jpg,wristwatch,/data/liuluyan/sam3/sam3_pvtt_full/frames/0041-watch1/frame_07.jpg
0042-watch2,watch,,0,0.2084,28,/data/datasets/pvtt_new/pvtt-evaluation/datasets_new/masks/0042-watch2/00029.jpg,wristwatch,/data/liuluyan/sam3/sam3_pvtt_full/frames/0042-watch2/frame_00.jpg
0042-watch2,watch,,1,0.6251,84,/data/datasets/pvtt_new/pvtt-evaluation/datasets_new/masks/0042-watch2/00085.jpg,wristwatch,/data/liuluyan/sam3/sam3_pvtt_full/frames/0042-watch2/frame_01.jpg
0042-watch2,watch,,2,1.0419,140,/data/datasets/pvtt_new/pvtt-evaluation/datasets_new/masks/0042-watch2/00141.jpg,wristwatch,/data/liuluyan/sam3/sam3_pvtt_full/frames/0042-watch2/frame_02.jpg
0042-watch2,watch,,3,1.4586,196,/data/datasets/pvtt_new/pvtt-evaluation/datasets_new/masks/0042-watch2/00197.jpg,wristwatch,/data/liuluyan/sam3/sam3_pvtt_full/frames/0042-watch2/frame_03.jpg
0042-watch2,watch,,4,1.8754,253,/data/datasets/pvtt_new/pvtt-evaluation/datasets_new/masks/0042-watch2/00254.jpg,wristwatch,/data/liuluyan/sam3/sam3_pvtt_full/frames/0042-watch2/frame_04.jpg
0042-watch2,watch,,5,2.2921,309,/data/datasets/pvtt_new/pvtt-evaluation/datasets_new/masks/0042-watch2/00310.jpg,wristwatch,/data/liuluyan/sam3/sam3_pvtt_full/frames/0042-watch2/frame_05.jpg
0042-watch2,watch,,6,2.7089,365,/data/datasets/pvtt_new/pvtt-evaluation/datasets_new/masks/0042-watch2/00366.jpg,wristwatch,/data/liuluyan/sam3/sam3_pvtt_full/frames/0042-watch2/frame_06.jpg
0042-watch2,watch,,7,3.1256,421,/data/datasets/pvtt_new/pvtt-evaluation/datasets_new/masks/0042-watch2/00422.jpg,wristwatch,/data/liuluyan/sam3/sam3_pvtt_full/frames/0042-watch2/frame_07.jpg
0043-watch3_scene01,watch,01,0,0.1417,4,/data/datasets/pvtt_new/pvtt-evaluation/datasets_new/masks/0043-watch3_scene01/00005.jpg,wristwatch,/data/liuluyan/sam3/sam3_pvtt_full/frames/0043-watch3_scene01/frame_00.jpg
0043-watch3_scene01,watch,01,1,0.4251,13,/data/datasets/pvtt_new/pvtt-evaluation/datasets_new/masks/0043-watch3_scene01/00014.jpg,wristwatch,/data/liuluyan/sam3/sam3_pvtt_full/frames/0043-watch3_scene01/frame_01.jpg
0043-watch3_scene01,watch,01,2,0.7084,21,/data/datasets/pvtt_new/pvtt-evaluation/datasets_new/masks/0043-watch3_scene01/00022.jpg,wristwatch,/data/liuluyan/sam3/sam3_pvtt_full/frames/0043-watch3_scene01/frame_02.jpg
0043-watch3_scene01,watch,01,3,0.9918,29,/data/datasets/pvtt_new/pvtt-evaluation/datasets_new/masks/0043-watch3_scene01/00030.jpg,wristwatch,/data/liuluyan/sam3/sam3_pvtt_full/frames/0043-watch3_scene01/frame_03.jpg
0043-watch3_scene01,watch,01,4,1.2752,38,/data/datasets/pvtt_new/pvtt-evaluation/datasets_new/masks/0043-watch3_scene01/00039.jpg,wristwatch,/data/liuluyan/sam3/sam3_pvtt_full/frames/0043-watch3_scene01/frame_04.jpg
0043-watch3_scene01,watch,01,5,1.5586,46,/data/datasets/pvtt_new/pvtt-evaluation/datasets_new/masks/0043-watch3_scene01/00047.jpg,wristwatch,/data/liuluyan/sam3/sam3_pvtt_full/frames/0043-watch3_scene01/frame_05.jpg
0043-watch3_scene01,watch,01,6,1.8419,54,/data/datasets/pvtt_new/pvtt-evaluation/datasets_new/masks/0043-watch3_scene01/00055.jpg,wristwatch,/data/liuluyan/sam3/sam3_pvtt_full/frames/0043-watch3_scene01/frame_06.jpg
0043-watch3_scene01,watch,01,7,2.1253,63,/data/datasets/pvtt_new/pvtt-evaluation/datasets_new/masks/0043-watch3_scene01/00064.jpg,wristwatch,/data/liuluyan/sam3/sam3_pvtt_full/frames/0043-watch3_scene01/frame_07.jpg
0043-watch3_scene02,watch,02,0,0.1459,4,/data/datasets/pvtt_new/pvtt-evaluation/datasets_new/masks/0043-watch3_scene02/00005.jpg,wristwatch,/data/liuluyan/sam3/sam3_pvtt_full/frames/0043-watch3_scene02/frame_00.jpg
0043-watch3_scene02,watch,02,1,0.4376,13,/data/datasets/pvtt_new/pvtt-evaluation/datasets_new/masks/0043-watch3_scene02/00014.jpg,wristwatch,/data/liuluyan/sam3/sam3_pvtt_full/frames/0043-watch3_scene02/frame_01.jpg
0043-watch3_scene02,watch,02,2,0.7294,22,/data/datasets/pvtt_new/pvtt-evaluation/datasets_new/masks/0043-watch3_scene02/00023.jpg,wristwatch,/data/liuluyan/sam3/sam3_pvtt_full/frames/0043-watch3_scene02/frame_02.jpg
0043-watch3_scene02,watch,02,3,1.0211,30,/data/datasets/pvtt_new/pvtt-evaluation/datasets_new/masks/0043-watch3_scene02/00031.jpg,wristwatch,/data/liuluyan/sam3/sam3_pvtt_full/frames/0043-watch3_scene02/frame_03.jpg
0043-watch3_scene02,watch,02,4,1.3129,39,/data/datasets/pvtt_new/pvtt-evaluation/datasets_new/masks/0043-watch3_scene02/00040.jpg,wristwatch,/data/liuluyan/sam3/sam3_pvtt_full/frames/0043-watch3_scene02/frame_04.jpg
0043-watch3_scene02,watch,02,5,1.6046,47,/data/datasets/pvtt_new/pvtt-evaluation/datasets_new/masks/0043-watch3_scene02/00048.jpg,wristwatch,/data/liuluyan/sam3/sam3_pvtt_full/frames/0043-watch3_scene02/frame_05.jpg
0043-watch3_scene02,watch,02,6,1.8964,56,/data/datasets/pvtt_new/pvtt-evaluation/datasets_new/masks/0043-watch3_scene02/00057.jpg,wristwatch,/data/liuluyan/sam3/sam3_pvtt_full/frames/0043-watch3_scene02/frame_06.jpg
0043-watch3_scene02,watch,02,7,2.1881,65,/data/datasets/pvtt_new/pvtt-evaluation/datasets_new/masks/0043-watch3_scene02/00066.jpg,wristwatch,/data/liuluyan/sam3/sam3_pvtt_full/frames/0043-watch3_scene02/frame_07.jpg
0043-watch3_scene03,watch,03,0,0.15,4,/data/datasets/pvtt_new/pvtt-evaluation/datasets_new/masks/0043-watch3_scene03/00005.jpg,wristwatch,/data/liuluyan/sam3/sam3_pvtt_full/frames/0043-watch3_scene03/frame_00.jpg
0043-watch3_scene03,watch,03,1,0.45,13,/data/datasets/pvtt_new/pvtt-evaluation/datasets_new/masks/0043-watch3_scene03/00014.jpg,wristwatch,/data/liuluyan/sam3/sam3_pvtt_full/frames/0043-watch3_scene03/frame_01.jpg
0043-watch3_scene03,watch,03,2,0.75,22,/data/datasets/pvtt_new/pvtt-evaluation/datasets_new/masks/0043-watch3_scene03/00023.jpg,wristwatch,/data/liuluyan/sam3/sam3_pvtt_full/frames/0043-watch3_scene03/frame_02.jpg
0043-watch3_scene03,watch,03,3,1.05,31,/data/datasets/pvtt_new/pvtt-evaluation/datasets_new/masks/0043-watch3_scene03/00032.jpg,wristwatch,/data/liuluyan/sam3/sam3_pvtt_full/frames/0043-watch3_scene03/frame_03.jpg
0043-watch3_scene03,watch,03,4,1.35,40,/data/datasets/pvtt_new/pvtt-evaluation/datasets_new/masks/0043-watch3_scene03/00041.jpg,wristwatch,/data/liuluyan/sam3/sam3_pvtt_full/frames/0043-watch3_scene03/frame_04.jpg
0043-watch3_scene03,watch,03,5,1.65,49,/data/datasets/pvtt_new/pvtt-evaluation/datasets_new/masks/0043-watch3_scene03/00050.jpg,wristwatch,/data/liuluyan/sam3/sam3_pvtt_full/frames/0043-watch3_scene03/frame_05.jpg
0043-watch3_scene03,watch,03,6,1.95,58,/data/datasets/pvtt_new/pvtt-evaluation/datasets_new/masks/0043-watch3_scene03/00059.jpg,wristwatch,/data/liuluyan/sam3/sam3_pvtt_full/frames/0043-watch3_scene03/frame_06.jpg
0043-watch3_scene03,watch,03,7,2.25,67,/data/datasets/pvtt_new/pvtt-evaluation/datasets_new/masks/0043-watch3_scene03/00068.jpg,wristwatch,/data/liuluyan/sam3/sam3_pvtt_full/frames/0043-watch3_scene03/frame_07.jpg
0044-watch4,watch,,0,0.2084,12,/data/datasets/pvtt_new/pvtt-evaluation/datasets_new/masks/0044-watch4/00013.jpg,wristwatch,/data/liuluyan/sam3/sam3_pvtt_full/frames/0044-watch4/frame_00.jpg
0044-watch4,watch,,1,0.6251,37,/data/datasets/pvtt_new/pvtt-evaluation/datasets_new/masks/0044-watch4/00038.jpg,wristwatch,/data/liuluyan/sam3/sam3_pvtt_full/frames/0044-watch4/frame_01.jpg
0044-watch4,watch,,2,1.0419,61,/data/datasets/pvtt_new/pvtt-evaluation/datasets_new/masks/0044-watch4/00062.jpg,wristwatch,/data/liuluyan/sam3/sam3_pvtt_full/frames/0044-watch4/frame_02.jpg
0044-watch4,watch,,3,1.4586,85,/data/datasets/pvtt_new/pvtt-evaluation/datasets_new/masks/0044-watch4/00086.jpg,wristwatch,/data/liuluyan/sam3/sam3_pvtt_full/frames/0044-watch4/frame_03.jpg
0044-watch4,watch,,4,1.8754,110,/data/datasets/pvtt_new/pvtt-evaluation/datasets_new/masks/0044-watch4/00111.jpg,wristwatch,/data/liuluyan/sam3/sam3_pvtt_full/frames/0044-watch4/frame_04.jpg
0044-watch4,watch,,5,2.2921,134,/data/datasets/pvtt_new/pvtt-evaluation/datasets_new/masks/0044-watch4/00135.jpg,wristwatch,/data/liuluyan/sam3/sam3_pvtt_full/frames/0044-watch4/frame_05.jpg
0044-watch4,watch,,6,2.7089,158,/data/datasets/pvtt_new/pvtt-evaluation/datasets_new/masks/0044-watch4/00159.jpg,wristwatch,/data/liuluyan/sam3/sam3_pvtt_full/frames/0044-watch4/frame_06.jpg
0044-watch4,watch,,7,3.1256,183,/data/datasets/pvtt_new/pvtt-evaluation/datasets_new/masks/0044-watch4/00184.jpg,wristwatch,/data/liuluyan/sam3/sam3_pvtt_full/frames/0044-watch4/frame_07.jpg
0045-watch5,watch,,0,0.1042,54,/data/datasets/pvtt_new/pvtt-evaluation/datasets_new/masks/0045-watch5/00055.jpg,wristwatch,/data/liuluyan/sam3/sam3_pvtt_full/frames/0045-watch5/frame_00.jpg
0045-watch5,watch,,1,0.3126,161,/data/datasets/pvtt_new/pvtt-evaluation/datasets_new/masks/0045-watch5/00162.jpg,wristwatch,/data/liuluyan/sam3/sam3_pvtt_full/frames/0045-watch5/frame_01.jpg
0045-watch5,watch,,2,0.5209,268,/data/datasets/pvtt_new/pvtt-evaluation/datasets_new/masks/0045-watch5/00269.jpg,wristwatch,/data/liuluyan/sam3/sam3_pvtt_full/frames/0045-watch5/frame_02.jpg
0045-watch5,watch,,3,0.7293,375,/data/datasets/pvtt_new/pvtt-evaluation/datasets_new/masks/0045-watch5/00376.jpg,wristwatch,/data/liuluyan/sam3/sam3_pvtt_full/frames/0045-watch5/frame_03.jpg
0045-watch5,watch,,4,0.9377,483,/data/datasets/pvtt_new/pvtt-evaluation/datasets_new/masks/0045-watch5/00484.jpg,wristwatch,/data/liuluyan/sam3/sam3_pvtt_full/frames/0045-watch5/frame_04.jpg
0045-watch5,watch,,5,1.1461,590,/data/datasets/pvtt_new/pvtt-evaluation/datasets_new/masks/0045-watch5/00591.jpg,wristwatch,/data/liuluyan/sam3/sam3_pvtt_full/frames/0045-watch5/frame_05.jpg
0045-watch5,watch,,6,1.3544,697,/data/datasets/pvtt_new/pvtt-evaluation/datasets_new/masks/0045-watch5/00698.jpg,wristwatch,/data/liuluyan/sam3/sam3_pvtt_full/frames/0045-watch5/frame_06.jpg
0045-watch5,watch,,7,1.5628,804,/data/datasets/pvtt_new/pvtt-evaluation/datasets_new/masks/0045-watch5/00805.jpg,wristwatch,/data/liuluyan/sam3/sam3_pvtt_full/frames/0045-watch5/frame_07.jpg
0046-watch6_scene01,watch,01,0,0.1168,3,/data/datasets/pvtt_new/pvtt-evaluation/datasets_new/masks/0046-watch6_scene01/00004.jpg,wristwatch,/data/liuluyan/sam3/sam3_pvtt_full/frames/0046-watch6_scene01/frame_00.jpg
0046-watch6_scene01,watch,01,1,0.3504,10,/data/datasets/pvtt_new/pvtt-evaluation/datasets_new/masks/0046-watch6_scene01/00011.jpg,wristwatch,/data/liuluyan/sam3/sam3_pvtt_full/frames/0046-watch6_scene01/frame_01.jpg
0046-watch6_scene01,watch,01,2,0.5841,17,/data/datasets/pvtt_new/pvtt-evaluation/datasets_new/masks/0046-watch6_scene01/00018.jpg,wristwatch,/data/liuluyan/sam3/sam3_pvtt_full/frames/0046-watch6_scene01/frame_02.jpg
0046-watch6_scene01,watch,01,3,0.8177,24,/data/datasets/pvtt_new/pvtt-evaluation/datasets_new/masks/0046-watch6_scene01/00025.jpg,wristwatch,/data/liuluyan/sam3/sam3_pvtt_full/frames/0046-watch6_scene01/frame_03.jpg
0046-watch6_scene01,watch,01,4,1.0513,31,/data/datasets/pvtt_new/pvtt-evaluation/datasets_new/masks/0046-watch6_scene01/00032.jpg,wristwatch,/data/liuluyan/sam3/sam3_pvtt_full/frames/0046-watch6_scene01/frame_04.jpg
0046-watch6_scene01,watch,01,5,1.2849,38,/data/datasets/pvtt_new/pvtt-evaluation/datasets_new/masks/0046-watch6_scene01/00039.jpg,wristwatch,/data/liuluyan/sam3/sam3_pvtt_full/frames/0046-watch6_scene01/frame_05.jpg
0046-watch6_scene01,watch,01,6,1.5186,45,/data/datasets/pvtt_new/pvtt-evaluation/datasets_new/masks/0046-watch6_scene01/00046.jpg,wristwatch,/data/liuluyan/sam3/sam3_pvtt_full/frames/0046-watch6_scene01/frame_06.jpg
0046-watch6_scene01,watch,01,7,1.7522,52,/data/datasets/pvtt_new/pvtt-evaluation/datasets_new/masks/0046-watch6_scene01/00053.jpg,wristwatch,/data/liuluyan/sam3/sam3_pvtt_full/frames/0046-watch6_scene01/frame_07.jpg
0046-watch6_scene02,watch,02,0,0.1585,5,/data/datasets/pvtt_new/pvtt-evaluation/datasets_new/masks/0046-watch6_scene02/00006.jpg,wristwatch,/data/liuluyan/sam3/sam3_pvtt_full/frames/0046-watch6_scene02/frame_00.jpg
0046-watch6_scene02,watch,02,1,0.4755,14,/data/datasets/pvtt_new/pvtt-evaluation/datasets_new/masks/0046-watch6_scene02/00015.jpg,wristwatch,/data/liuluyan/sam3/sam3_pvtt_full/frames/0046-watch6_scene02/frame_01.jpg
0046-watch6_scene02,watch,02,2,0.7925,23,/data/datasets/pvtt_new/pvtt-evaluation/datasets_new/masks/0046-watch6_scene02/00024.jpg,wristwatch,/data/liuluyan/sam3/sam3_pvtt_full/frames/0046-watch6_scene02/frame_02.jpg
0046-watch6_scene02,watch,02,3,1.1095,33,/data/datasets/pvtt_new/pvtt-evaluation/datasets_new/masks/0046-watch6_scene02/00034.jpg,wristwatch,/data/liuluyan/sam3/sam3_pvtt_full/frames/0046-watch6_scene02/frame_03.jpg
0046-watch6_scene02,watch,02,4,1.4265,42,/data/datasets/pvtt_new/pvtt-evaluation/datasets_new/masks/0046-watch6_scene02/00043.jpg,wristwatch,/data/liuluyan/sam3/sam3_pvtt_full/frames/0046-watch6_scene02/frame_04.jpg
0046-watch6_scene02,watch,02,5,1.7435,52,/data/datasets/pvtt_new/pvtt-evaluation/datasets_new/masks/0046-watch6_scene02/00053.jpg,wristwatch,/data/liuluyan/sam3/sam3_pvtt_full/frames/0046-watch6_scene02/frame_05.jpg
0046-watch6_scene02,watch,02,6,2.0605,61,/data/datasets/pvtt_new/pvtt-evaluation/datasets_new/masks/0046-watch6_scene02/00062.jpg,wristwatch,/data/liuluyan/sam3/sam3_pvtt_full/frames/0046-watch6_scene02/frame_06.jpg
0046-watch6_scene02,watch,02,7,2.3775,70,/data/datasets/pvtt_new/pvtt-evaluation/datasets_new/masks/0046-watch6_scene02/00071.jpg,wristwatch,/data/liuluyan/sam3/sam3_pvtt_full/frames/0046-watch6_scene02/frame_07.jpg
0046-watch6_scene03,watch,03,0,0.0793,2,/data/datasets/pvtt_new/pvtt-evaluation/datasets_new/masks/0046-watch6_scene03/00003.jpg,wristwatch,/data/liuluyan/sam3/sam3_pvtt_full/frames/0046-watch6_scene03/frame_00.jpg
0046-watch6_scene03,watch,03,1,0.2378,7,/data/datasets/pvtt_new/pvtt-evaluation/datasets_new/masks/0046-watch6_scene03/00008.jpg,wristwatch,/data/liuluyan/sam3/sam3_pvtt_full/frames/0046-watch6_scene03/frame_01.jpg
0046-watch6_scene03,watch,03,2,0.3962,12,/data/datasets/pvtt_new/pvtt-evaluation/datasets_new/masks/0046-watch6_scene03/00013.jpg,wristwatch,/data/liuluyan/sam3/sam3_pvtt_full/frames/0046-watch6_scene03/frame_02.jpg
0046-watch6_scene03,watch,03,3,0.5547,16,/data/datasets/pvtt_new/pvtt-evaluation/datasets_new/masks/0046-watch6_scene03/00017.jpg,wristwatch,/data/liuluyan/sam3/sam3_pvtt_full/frames/0046-watch6_scene03/frame_03.jpg
0046-watch6_scene03,watch,03,4,0.7133,21,/data/datasets/pvtt_new/pvtt-evaluation/datasets_new/masks/0046-watch6_scene03/00022.jpg,wristwatch,/data/liuluyan/sam3/sam3_pvtt_full/frames/0046-watch6_scene03/frame_04.jpg
0046-watch6_scene03,watch,03,5,0.8718,25,/data/datasets/pvtt_new/pvtt-evaluation/datasets_new/masks/0046-watch6_scene03/00026.jpg,wristwatch,/data/liuluyan/sam3/sam3_pvtt_full/frames/0046-watch6_scene03/frame_05.jpg
0046-watch6_scene03,watch,03,6,1.0303,30,/data/datasets/pvtt_new/pvtt-evaluation/datasets_new/masks/0046-watch6_scene03/00031.jpg,wristwatch,/data/liuluyan/sam3/sam3_pvtt_full/frames/0046-watch6_scene03/frame_06.jpg
0046-watch6_scene03,watch,03,7,1.1887,35,/data/datasets/pvtt_new/pvtt-evaluation/datasets_new/masks/0046-watch6_scene03/00036.jpg,wristwatch,/data/liuluyan/sam3/sam3_pvtt_full/frames/0046-watch6_scene03/frame_07.jpg
0046-watch6_scene04,watch,04,0,0.1335,4,/data/datasets/pvtt_new/pvtt-evaluation/datasets_new/masks/0046-watch6_scene04/00005.jpg,wristwatch,/data/liuluyan/sam3/sam3_pvtt_full/frames/0046-watch6_scene04/frame_00.jpg
0046-watch6_scene04,watch,04,1,0.4005,12,/data/datasets/pvtt_new/pvtt-evaluation/datasets_new/masks/0046-watch6_scene04/00013.jpg,wristwatch,/data/liuluyan/sam3/sam3_pvtt_full/frames/0046-watch6_scene04/frame_01.jpg
0046-watch6_scene04,watch,04,2,0.6675,20,/data/datasets/pvtt_new/pvtt-evaluation/datasets_new/masks/0046-watch6_scene04/00021.jpg,wristwatch,/data/liuluyan/sam3/sam3_pvtt_full/frames/0046-watch6_scene04/frame_02.jpg
0046-watch6_scene04,watch,04,3,0.9345,28,/data/datasets/pvtt_new/pvtt-evaluation/datasets_new/masks/0046-watch6_scene04/00029.jpg,wristwatch,/data/liuluyan/sam3/sam3_pvtt_full/frames/0046-watch6_scene04/frame_03.jpg
0046-watch6_scene04,watch,04,4,1.2015,35,/data/datasets/pvtt_new/pvtt-evaluation/datasets_new/masks/0046-watch6_scene04/00036.jpg,wristwatch,/data/liuluyan/sam3/sam3_pvtt_full/frames/0046-watch6_scene04/frame_04.jpg
0046-watch6_scene04,watch,04,5,1.4685,43,/data/datasets/pvtt_new/pvtt-evaluation/datasets_new/masks/0046-watch6_scene04/00044.jpg,wristwatch,/data/liuluyan/sam3/sam3_pvtt_full/frames/0046-watch6_scene04/frame_05.jpg
0046-watch6_scene04,watch,04,6,1.7355,51,/data/datasets/pvtt_new/pvtt-evaluation/datasets_new/masks/0046-watch6_scene04/00052.jpg,wristwatch,/data/liuluyan/sam3/sam3_pvtt_full/frames/0046-watch6_scene04/frame_06.jpg
0046-watch6_scene04,watch,04,7,2.0025,59,/data/datasets/pvtt_new/pvtt-evaluation/datasets_new/masks/0046-watch6_scene04/00060.jpg,wristwatch,/data/liuluyan/sam3/sam3_pvtt_full/frames/0046-watch6_scene04/frame_07.jpg
0046-watch6_scene05,watch,05,0,0.1481,4,/data/datasets/pvtt_new/pvtt-evaluation/datasets_new/masks/0046-watch6_scene05/00005.jpg,wristwatch,/data/liuluyan/sam3/sam3_pvtt_full/frames/0046-watch6_scene05/frame_00.jpg
0046-watch6_scene05,watch,05,1,0.4444,13,/data/datasets/pvtt_new/pvtt-evaluation/datasets_new/masks/0046-watch6_scene05/00014.jpg,wristwatch,/data/liuluyan/sam3/sam3_pvtt_full/frames/0046-watch6_scene05/frame_01.jpg
0046-watch6_scene05,watch,05,2,0.7406,22,/data/datasets/pvtt_new/pvtt-evaluation/datasets_new/masks/0046-watch6_scene05/00023.jpg,wristwatch,/data/liuluyan/sam3/sam3_pvtt_full/frames/0046-watch6_scene05/frame_02.jpg
0046-watch6_scene05,watch,05,3,1.0369,31,/data/datasets/pvtt_new/pvtt-evaluation/datasets_new/masks/0046-watch6_scene05/00032.jpg,wristwatch,/data/liuluyan/sam3/sam3_pvtt_full/frames/0046-watch6_scene05/frame_03.jpg
0046-watch6_scene05,watch,05,4,1.3331,39,/data/datasets/pvtt_new/pvtt-evaluation/datasets_new/masks/0046-watch6_scene05/00040.jpg,wristwatch,/data/liuluyan/sam3/sam3_pvtt_full/frames/0046-watch6_scene05/frame_04.jpg
0046-watch6_scene05,watch,05,5,1.6294,48,/data/datasets/pvtt_new/pvtt-evaluation/datasets_new/masks/0046-watch6_scene05/00049.jpg,wristwatch,/data/liuluyan/sam3/sam3_pvtt_full/frames/0046-watch6_scene05/frame_05.jpg
0046-watch6_scene05,watch,05,6,1.9256,57,/data/datasets/pvtt_new/pvtt-evaluation/datasets_new/masks/0046-watch6_scene05/00058.jpg,wristwatch,/data/liuluyan/sam3/sam3_pvtt_full/frames/0046-watch6_scene05/frame_06.jpg
0046-watch6_scene05,watch,05,7,2.2219,66,/data/datasets/pvtt_new/pvtt-evaluation/datasets_new/masks/0046-watch6_scene05/00067.jpg,wristwatch,/data/liuluyan/sam3/sam3_pvtt_full/frames/0046-watch6_scene05/frame_07.jpg
0047-watch7_scene01,watch,01,0,0.2086,6,/data/datasets/pvtt_new/pvtt-evaluation/datasets_new/masks/0047-watch7_scene01/00007.jpg,wristwatch,/data/liuluyan/sam3/sam3_pvtt_full/frames/0047-watch7_scene01/frame_00.jpg
0047-watch7_scene01,watch,01,1,0.6257,19,/data/datasets/pvtt_new/pvtt-evaluation/datasets_new/masks/0047-watch7_scene01/00020.jpg,wristwatch,/data/liuluyan/sam3/sam3_pvtt_full/frames/0047-watch7_scene01/frame_01.jpg
0047-watch7_scene01,watch,01,2,1.0428,32,/data/datasets/pvtt_new/pvtt-evaluation/datasets_new/masks/0047-watch7_scene01/00033.jpg,wristwatch,/data/liuluyan/sam3/sam3_pvtt_full/frames/0047-watch7_scene01/frame_02.jpg
0047-watch7_scene01,watch,01,3,1.4599,45,/data/datasets/pvtt_new/pvtt-evaluation/datasets_new/masks/0047-watch7_scene01/00046.jpg,wristwatch,/data/liuluyan/sam3/sam3_pvtt_full/frames/0047-watch7_scene01/frame_03.jpg
0047-watch7_scene01,watch,01,4,1.8771,57,/data/datasets/pvtt_new/pvtt-evaluation/datasets_new/masks/0047-watch7_scene01/00058.jpg,wristwatch,/data/liuluyan/sam3/sam3_pvtt_full/frames/0047-watch7_scene01/frame_04.jpg
0047-watch7_scene01,watch,01,5,2.2942,70,/data/datasets/pvtt_new/pvtt-evaluation/datasets_new/masks/0047-watch7_scene01/00071.jpg,wristwatch,/data/liuluyan/sam3/sam3_pvtt_full/frames/0047-watch7_scene01/frame_05.jpg
0047-watch7_scene01,watch,01,6,2.7113,83,/data/datasets/pvtt_new/pvtt-evaluation/datasets_new/masks/0047-watch7_scene01/00084.jpg,wristwatch,/data/liuluyan/sam3/sam3_pvtt_full/frames/0047-watch7_scene01/frame_06.jpg
0047-watch7_scene01,watch,01,7,3.1284,96,/data/datasets/pvtt_new/pvtt-evaluation/datasets_new/masks/0047-watch7_scene01/00097.jpg,wristwatch,/data/liuluyan/sam3/sam3_pvtt_full/frames/0047-watch7_scene01/frame_07.jpg
0047-watch7_scene02,watch,02,0,0.1856,6,/data/datasets/pvtt_new/pvtt-evaluation/datasets_new/masks/0047-watch7_scene02/00007.jpg,wristwatch,/data/liuluyan/sam3/sam3_pvtt_full/frames/0047-watch7_scene02/frame_00.jpg
0047-watch7_scene02,watch,02,1,0.5569,16,/data/datasets/pvtt_new/pvtt-evaluation/datasets_new/masks/0047-watch7_scene02/00017.jpg,wristwatch,/data/liuluyan/sam3/sam3_pvtt_full/frames/0047-watch7_scene02/frame_01.jpg
0047-watch7_scene02,watch,02,2,0.9281,28,/data/datasets/pvtt_new/pvtt-evaluation/datasets_new/masks/0047-watch7_scene02/00029.jpg,wristwatch,/data/liuluyan/sam3/sam3_pvtt_full/frames/0047-watch7_scene02/frame_02.jpg
0047-watch7_scene02,watch,02,3,1.2994,38,/data/datasets/pvtt_new/pvtt-evaluation/datasets_new/masks/0047-watch7_scene02/00039.jpg,wristwatch,/data/liuluyan/sam3/sam3_pvtt_full/frames/0047-watch7_scene02/frame_03.jpg
0047-watch7_scene02,watch,02,4,1.6706,50,/data/datasets/pvtt_new/pvtt-evaluation/datasets_new/masks/0047-watch7_scene02/00051.jpg,wristwatch,/data/liuluyan/sam3/sam3_pvtt_full/frames/0047-watch7_scene02/frame_04.jpg
0047-watch7_scene02,watch,02,5,2.0419,60,/data/datasets/pvtt_new/pvtt-evaluation/datasets_new/masks/0047-watch7_scene02/00061.jpg,wristwatch,/data/liuluyan/sam3/sam3_pvtt_full/frames/0047-watch7_scene02/frame_05.jpg
0047-watch7_scene02,watch,02,6,2.4131,72,/data/datasets/pvtt_new/pvtt-evaluation/datasets_new/masks/0047-watch7_scene02/00073.jpg,wristwatch,/data/liuluyan/sam3/sam3_pvtt_full/frames/0047-watch7_scene02/frame_06.jpg
0047-watch7_scene02,watch,02,7,2.7844,82,/data/datasets/pvtt_new/pvtt-evaluation/datasets_new/masks/0047-watch7_scene02/00083.jpg,wristwatch,/data/liuluyan/sam3/sam3_pvtt_full/frames/0047-watch7_scene02/frame_07.jpg
0047-watch7_scene03,watch,03,0,0.2086,8,/data/datasets/pvtt_new/pvtt-evaluation/datasets_new/masks/0047-watch7_scene03/00009.jpg,wristwatch,/data/liuluyan/sam3/sam3_pvtt_full/frames/0047-watch7_scene03/frame_00.jpg
0047-watch7_scene03,watch,03,1,0.6257,23,/data/datasets/pvtt_new/pvtt-evaluation/datasets_new/masks/0047-watch7_scene03/00024.jpg,wristwatch,/data/liuluyan/sam3/sam3_pvtt_full/frames/0047-watch7_scene03/frame_01.jpg
0047-watch7_scene03,watch,03,2,1.0428,39,/data/datasets/pvtt_new/pvtt-evaluation/datasets_new/masks/0047-watch7_scene03/00040.jpg,wristwatch,/data/liuluyan/sam3/sam3_pvtt_full/frames/0047-watch7_scene03/frame_02.jpg
0047-watch7_scene03,watch,03,3,1.4599,55,/data/datasets/pvtt_new/pvtt-evaluation/datasets_new/masks/0047-watch7_scene03/00056.jpg,wristwatch,/data/liuluyan/sam3/sam3_pvtt_full/frames/0047-watch7_scene03/frame_03.jpg
0047-watch7_scene03,watch,03,4,1.8771,70,/data/datasets/pvtt_new/pvtt-evaluation/datasets_new/masks/0047-watch7_scene03/00071.jpg,wristwatch,/data/liuluyan/sam3/sam3_pvtt_full/frames/0047-watch7_scene03/frame_04.jpg
0047-watch7_scene03,watch,03,5,2.2942,86,/data/datasets/pvtt_new/pvtt-evaluation/datasets_new/masks/0047-watch7_scene03/00087.jpg,wristwatch,/data/liuluyan/sam3/sam3_pvtt_full/frames/0047-watch7_scene03/frame_05.jpg
0047-watch7_scene03,watch,03,6,2.7113,102,/data/datasets/pvtt_new/pvtt-evaluation/datasets_new/masks/0047-watch7_scene03/00103.jpg,wristwatch,/data/liuluyan/sam3/sam3_pvtt_full/frames/0047-watch7_scene03/frame_06.jpg
0047-watch7_scene03,watch,03,7,3.1284,117,/data/datasets/pvtt_new/pvtt-evaluation/datasets_new/masks/0047-watch7_scene03/00118.jpg,wristwatch,/data/liuluyan/sam3/sam3_pvtt_full/frames/0047-watch7_scene03/frame_07.jpg
0047-watch7_scene04,watch,04,0,0.2086,8,/data/datasets/pvtt_new/pvtt-evaluation/datasets_new/masks/0047-watch7_scene04/00009.jpg,wristwatch,/data/liuluyan/sam3/sam3_pvtt_full/frames/0047-watch7_scene04/frame_00.jpg
0047-watch7_scene04,watch,04,1,0.6257,26,/data/datasets/pvtt_new/pvtt-evaluation/datasets_new/masks/0047-watch7_scene04/00027.jpg,wristwatch,/data/liuluyan/sam3/sam3_pvtt_full/frames/0047-watch7_scene04/frame_01.jpg
0047-watch7_scene04,watch,04,2,1.0428,42,/data/datasets/pvtt_new/pvtt-evaluation/datasets_new/masks/0047-watch7_scene04/00043.jpg,wristwatch,/data/liuluyan/sam3/sam3_pvtt_full/frames/0047-watch7_scene04/frame_02.jpg
0047-watch7_scene04,watch,04,3,1.4599,60,/data/datasets/pvtt_new/pvtt-evaluation/datasets_new/masks/0047-watch7_scene04/00061.jpg,wristwatch,/data/liuluyan/sam3/sam3_pvtt_full/frames/0047-watch7_scene04/frame_03.jpg
0047-watch7_scene04,watch,04,4,1.8771,76,/data/datasets/pvtt_new/pvtt-evaluation/datasets_new/masks/0047-watch7_scene04/00077.jpg,wristwatch,/data/liuluyan/sam3/sam3_pvtt_full/frames/0047-watch7_scene04/frame_04.jpg
0047-watch7_scene04,watch,04,5,2.2942,94,/data/datasets/pvtt_new/pvtt-evaluation/datasets_new/masks/0047-watch7_scene04/00095.jpg,wristwatch,/data/liuluyan/sam3/sam3_pvtt_full/frames/0047-watch7_scene04/frame_05.jpg
0047-watch7_scene04,watch,04,6,2.7113,110,/data/datasets/pvtt_new/pvtt-evaluation/datasets_new/masks/0047-watch7_scene04/00111.jpg,wristwatch,/data/liuluyan/sam3/sam3_pvtt_full/frames/0047-watch7_scene04/frame_06.jpg
0047-watch7_scene04,watch,04,7,3.1284,128,/data/datasets/pvtt_new/pvtt-evaluation/datasets_new/masks/0047-watch7_scene04/00129.jpg,wristwatch,/data/liuluyan/sam3/sam3_pvtt_full/frames/0047-watch7_scene04/frame_07.jpg
0048-watch8_scene01,watch,01,0,0.2086,10,/data/datasets/pvtt_new/pvtt-evaluation/datasets_new/masks/0048-watch8_scene01/00011.jpg,wristwatch,/data/liuluyan/sam3/sam3_pvtt_full/frames/0048-watch8_scene01/frame_00.jpg
0048-watch8_scene01,watch,01,1,0.6257,29,/data/datasets/pvtt_new/pvtt-evaluation/datasets_new/masks/0048-watch8_scene01/00030.jpg,wristwatch,/data/liuluyan/sam3/sam3_pvtt_full/frames/0048-watch8_scene01/frame_01.jpg
0048-watch8_scene01,watch,01,2,1.0428,49,/data/datasets/pvtt_new/pvtt-evaluation/datasets_new/masks/0048-watch8_scene01/00050.jpg,wristwatch,/data/liuluyan/sam3/sam3_pvtt_full/frames/0048-watch8_scene01/frame_02.jpg
0048-watch8_scene01,watch,01,3,1.4599,68,/data/datasets/pvtt_new/pvtt-evaluation/datasets_new/masks/0048-watch8_scene01/00069.jpg,wristwatch,/data/liuluyan/sam3/sam3_pvtt_full/frames/0048-watch8_scene01/frame_03.jpg
0048-watch8_scene01,watch,01,4,1.8771,88,/data/datasets/pvtt_new/pvtt-evaluation/datasets_new/masks/0048-watch8_scene01/00089.jpg,wristwatch,/data/liuluyan/sam3/sam3_pvtt_full/frames/0048-watch8_scene01/frame_04.jpg
0048-watch8_scene01,watch,01,5,2.2942,107,/data/datasets/pvtt_new/pvtt-evaluation/datasets_new/masks/0048-watch8_scene01/00108.jpg,wristwatch,/data/liuluyan/sam3/sam3_pvtt_full/frames/0048-watch8_scene01/frame_05.jpg
0048-watch8_scene01,watch,01,6,2.7113,127,/data/datasets/pvtt_new/pvtt-evaluation/datasets_new/masks/0048-watch8_scene01/00128.jpg,wristwatch,/data/liuluyan/sam3/sam3_pvtt_full/frames/0048-watch8_scene01/frame_06.jpg
0048-watch8_scene01,watch,01,7,3.1284,146,/data/datasets/pvtt_new/pvtt-evaluation/datasets_new/masks/0048-watch8_scene01/00147.jpg,wristwatch,/data/liuluyan/sam3/sam3_pvtt_full/frames/0048-watch8_scene01/frame_07.jpg
0048-watch8_scene02,watch,02,0,0.1418,4,/data/datasets/pvtt_new/pvtt-evaluation/datasets_new/masks/0048-watch8_scene02/00005.jpg,wristwatch,/data/liuluyan/sam3/sam3_pvtt_full/frames/0048-watch8_scene02/frame_00.jpg
0048-watch8_scene02,watch,02,1,0.4254,13,/data/datasets/pvtt_new/pvtt-evaluation/datasets_new/masks/0048-watch8_scene02/00014.jpg,wristwatch,/data/liuluyan/sam3/sam3_pvtt_full/frames/0048-watch8_scene02/frame_01.jpg
0048-watch8_scene02,watch,02,2,0.7091,21,/data/datasets/pvtt_new/pvtt-evaluation/datasets_new/masks/0048-watch8_scene02/00022.jpg,wristwatch,/data/liuluyan/sam3/sam3_pvtt_full/frames/0048-watch8_scene02/frame_02.jpg
0048-watch8_scene02,watch,02,3,0.9927,29,/data/datasets/pvtt_new/pvtt-evaluation/datasets_new/masks/0048-watch8_scene02/00030.jpg,wristwatch,/data/liuluyan/sam3/sam3_pvtt_full/frames/0048-watch8_scene02/frame_03.jpg
0048-watch8_scene02,watch,02,4,1.2763,38,/data/datasets/pvtt_new/pvtt-evaluation/datasets_new/masks/0048-watch8_scene02/00039.jpg,wristwatch,/data/liuluyan/sam3/sam3_pvtt_full/frames/0048-watch8_scene02/frame_04.jpg
0048-watch8_scene02,watch,02,5,1.5599,46,/data/datasets/pvtt_new/pvtt-evaluation/datasets_new/masks/0048-watch8_scene02/00047.jpg,wristwatch,/data/liuluyan/sam3/sam3_pvtt_full/frames/0048-watch8_scene02/frame_05.jpg
0048-watch8_scene02,watch,02,6,1.8436,54,/data/datasets/pvtt_new/pvtt-evaluation/datasets_new/masks/0048-watch8_scene02/00055.jpg,wristwatch,/data/liuluyan/sam3/sam3_pvtt_full/frames/0048-watch8_scene02/frame_06.jpg
0048-watch8_scene02,watch,02,7,2.1272,63,/data/datasets/pvtt_new/pvtt-evaluation/datasets_new/masks/0048-watch8_scene02/00064.jpg,wristwatch,/data/liuluyan/sam3/sam3_pvtt_full/frames/0048-watch8_scene02/frame_07.jpg
0048-watch8_scene03,watch,03,0,0.2086,7,/data/datasets/pvtt_new/pvtt-evaluation/datasets_new/masks/0048-watch8_scene03/00008.jpg,wristwatch,/data/liuluyan/sam3/sam3_pvtt_full/frames/0048-watch8_scene03/frame_00.jpg
0048-watch8_scene03,watch,03,1,0.6257,21,/data/datasets/pvtt_new/pvtt-evaluation/datasets_new/masks/0048-watch8_scene03/00022.jpg,wristwatch,/data/liuluyan/sam3/sam3_pvtt_full/frames/0048-watch8_scene03/frame_01.jpg
0048-watch8_scene03,watch,03,2,1.0428,35,/data/datasets/pvtt_new/pvtt-evaluation/datasets_new/masks/0048-watch8_scene03/00036.jpg,wristwatch,/data/liuluyan/sam3/sam3_pvtt_full/frames/0048-watch8_scene03/frame_02.jpg
0048-watch8_scene03,watch,03,3,1.4599,49,/data/datasets/pvtt_new/pvtt-evaluation/datasets_new/masks/0048-watch8_scene03/00050.jpg,wristwatch,/data/liuluyan/sam3/sam3_pvtt_full/frames/0048-watch8_scene03/frame_03.jpg
0048-watch8_scene03,watch,03,4,1.8771,63,/data/datasets/pvtt_new/pvtt-evaluation/datasets_new/masks/0048-watch8_scene03/00064.jpg,wristwatch,/data/liuluyan/sam3/sam3_pvtt_full/frames/0048-watch8_scene03/frame_04.jpg
0048-watch8_scene03,watch,03,5,2.2942,77,/data/datasets/pvtt_new/pvtt-evaluation/datasets_new/masks/0048-watch8_scene03/00078.jpg,wristwatch,/data/liuluyan/sam3/sam3_pvtt_full/frames/0048-watch8_scene03/frame_05.jpg
0048-watch8_scene03,watch,03,6,2.7113,91,/data/datasets/pvtt_new/pvtt-evaluation/datasets_new/masks/0048-watch8_scene03/00092.jpg,wristwatch,/data/liuluyan/sam3/sam3_pvtt_full/frames/0048-watch8_scene03/frame_06.jpg
0048-watch8_scene03,watch,03,7,3.1284,105,/data/datasets/pvtt_new/pvtt-evaluation/datasets_new/masks/0048-watch8_scene03/00106.jpg,wristwatch,/data/liuluyan/sam3/sam3_pvtt_full/frames/0048-watch8_scene03/frame_07.jpg
0048-watch8_scene04,watch,04,0,0.2086,7,/data/datasets/pvtt_new/pvtt-evaluation/datasets_new/masks/0048-watch8_scene04/00008.jpg,wristwatch,/data/liuluyan/sam3/sam3_pvtt_full/frames/0048-watch8_scene04/frame_00.jpg
0048-watch8_scene04,watch,04,1,0.6257,22,/data/datasets/pvtt_new/pvtt-evaluation/datasets_new/masks/0048-watch8_scene04/00023.jpg,wristwatch,/data/liuluyan/sam3/sam3_pvtt_full/frames/0048-watch8_scene04/frame_01.jpg
0048-watch8_scene04,watch,04,2,1.0428,37,/data/datasets/pvtt_new/pvtt-evaluation/datasets_new/masks/0048-watch8_scene04/00038.jpg,wristwatch,/data/liuluyan/sam3/sam3_pvtt_full/frames/0048-watch8_scene04/frame_02.jpg
0048-watch8_scene04,watch,04,3,1.4599,52,/data/datasets/pvtt_new/pvtt-evaluation/datasets_new/masks/0048-watch8_scene04/00053.jpg,wristwatch,/data/liuluyan/sam3/sam3_pvtt_full/frames/0048-watch8_scene04/frame_03.jpg
0048-watch8_scene04,watch,04,4,1.8771,67,/data/datasets/pvtt_new/pvtt-evaluation/datasets_new/masks/0048-watch8_scene04/00068.jpg,wristwatch,/data/liuluyan/sam3/sam3_pvtt_full/frames/0048-watch8_scene04/frame_04.jpg
0048-watch8_scene04,watch,04,5,2.2942,82,/data/datasets/pvtt_new/pvtt-evaluation/datasets_new/masks/0048-watch8_scene04/00083.jpg,wristwatch,/data/liuluyan/sam3/sam3_pvtt_full/frames/0048-watch8_scene04/frame_05.jpg
0048-watch8_scene04,watch,04,6,2.7113,97,/data/datasets/pvtt_new/pvtt-evaluation/datasets_new/masks/0048-watch8_scene04/00098.jpg,wristwatch,/data/liuluyan/sam3/sam3_pvtt_full/frames/0048-watch8_scene04/frame_06.jpg
0048-watch8_scene04,watch,04,7,3.1284,112,/data/datasets/pvtt_new/pvtt-evaluation/datasets_new/masks/0048-watch8_scene04/00113.jpg,wristwatch,/data/liuluyan/sam3/sam3_pvtt_full/frames/0048-watch8_scene04/frame_07.jpg
0048-watch8_scene05,watch,05,0,0.1627,5,/data/datasets/pvtt_new/pvtt-evaluation/datasets_new/masks/0048-watch8_scene05/00006.jpg,wristwatch,/data/liuluyan/sam3/sam3_pvtt_full/frames/0048-watch8_scene05/frame_00.jpg
0048-watch8_scene05,watch,05,1,0.4881,14,/data/datasets/pvtt_new/pvtt-evaluation/datasets_new/masks/0048-watch8_scene05/00015.jpg,wristwatch,/data/liuluyan/sam3/sam3_pvtt_full/frames/0048-watch8_scene05/frame_01.jpg
0048-watch8_scene05,watch,05,2,0.8134,24,/data/datasets/pvtt_new/pvtt-evaluation/datasets_new/masks/0048-watch8_scene05/00025.jpg,wristwatch,/data/liuluyan/sam3/sam3_pvtt_full/frames/0048-watch8_scene05/frame_02.jpg
0048-watch8_scene05,watch,05,3,1.1388,34,/data/datasets/pvtt_new/pvtt-evaluation/datasets_new/masks/0048-watch8_scene05/00035.jpg,wristwatch,/data/liuluyan/sam3/sam3_pvtt_full/frames/0048-watch8_scene05/frame_03.jpg
0048-watch8_scene05,watch,05,4,1.4642,43,/data/datasets/pvtt_new/pvtt-evaluation/datasets_new/masks/0048-watch8_scene05/00044.jpg,wristwatch,/data/liuluyan/sam3/sam3_pvtt_full/frames/0048-watch8_scene05/frame_04.jpg
0048-watch8_scene05,watch,05,5,1.7896,53,/data/datasets/pvtt_new/pvtt-evaluation/datasets_new/masks/0048-watch8_scene05/00054.jpg,wristwatch,/data/liuluyan/sam3/sam3_pvtt_full/frames/0048-watch8_scene05/frame_05.jpg
0048-watch8_scene05,watch,05,6,2.1149,63,/data/datasets/pvtt_new/pvtt-evaluation/datasets_new/masks/0048-watch8_scene05/00064.jpg,wristwatch,/data/liuluyan/sam3/sam3_pvtt_full/frames/0048-watch8_scene05/frame_06.jpg
0048-watch8_scene05,watch,05,7,2.4403,72,/data/datasets/pvtt_new/pvtt-evaluation/datasets_new/masks/0048-watch8_scene05/00073.jpg,wristwatch,/data/liuluyan/sam3/sam3_pvtt_full/frames/0048-watch8_scene05/frame_07.jpg
0048-watch8_scene06,watch,06,0,0.1544,5,/data/datasets/pvtt_new/pvtt-evaluation/datasets_new/masks/0048-watch8_scene06/00006.jpg,wristwatch,/data/liuluyan/sam3/sam3_pvtt_full/frames/0048-watch8_scene06/frame_00.jpg
0048-watch8_scene06,watch,06,1,0.4631,14,/data/datasets/pvtt_new/pvtt-evaluation/datasets_new/masks/0048-watch8_scene06/00015.jpg,wristwatch,/data/liuluyan/sam3/sam3_pvtt_full/frames/0048-watch8_scene06/frame_01.jpg
0048-watch8_scene06,watch,06,2,0.7719,23,/data/datasets/pvtt_new/pvtt-evaluation/datasets_new/masks/0048-watch8_scene06/00024.jpg,wristwatch,/data/liuluyan/sam3/sam3_pvtt_full/frames/0048-watch8_scene06/frame_02.jpg
0048-watch8_scene06,watch,06,3,1.0806,32,/data/datasets/pvtt_new/pvtt-evaluation/datasets_new/masks/0048-watch8_scene06/00033.jpg,wristwatch,/data/liuluyan/sam3/sam3_pvtt_full/frames/0048-watch8_scene06/frame_03.jpg
0048-watch8_scene06,watch,06,4,1.3894,41,/data/datasets/pvtt_new/pvtt-evaluation/datasets_new/masks/0048-watch8_scene06/00042.jpg,wristwatch,/data/liuluyan/sam3/sam3_pvtt_full/frames/0048-watch8_scene06/frame_04.jpg
0048-watch8_scene06,watch,06,5,1.6981,50,/data/datasets/pvtt_new/pvtt-evaluation/datasets_new/masks/0048-watch8_scene06/00051.jpg,wristwatch,/data/liuluyan/sam3/sam3_pvtt_full/frames/0048-watch8_scene06/frame_05.jpg
0048-watch8_scene06,watch,06,6,2.0069,59,/data/datasets/pvtt_new/pvtt-evaluation/datasets_new/masks/0048-watch8_scene06/00060.jpg,wristwatch,/data/liuluyan/sam3/sam3_pvtt_full/frames/0048-watch8_scene06/frame_06.jpg
0048-watch8_scene06,watch,06,7,2.3156,68,/data/datasets/pvtt_new/pvtt-evaluation/datasets_new/masks/0048-watch8_scene06/00069.jpg,wristwatch,/data/liuluyan/sam3/sam3_pvtt_full/frames/0048-watch8_scene06/frame_07.jpg
0049-clothing1,clothing,,0,0.2084,15,/data/datasets/pvtt_new/pvtt-evaluation/datasets_new/masks/0049-clothing1/00016.jpg,clothing,/data/liuluyan/sam3/sam3_pvtt_full/frames/0049-clothing1/frame_00.jpg
0049-clothing1,clothing,,1,0.6251,45,/data/datasets/pvtt_new/pvtt-evaluation/datasets_new/masks/0049-clothing1/00046.jpg,clothing,/data/liuluyan/sam3/sam3_pvtt_full/frames/0049-clothing1/frame_01.jpg
0049-clothing1,clothing,,2,1.0419,75,/data/datasets/pvtt_new/pvtt-evaluation/datasets_new/masks/0049-clothing1/00076.jpg,clothing,/data/liuluyan/sam3/sam3_pvtt_full/frames/0049-clothing1/frame_02.jpg
0049-clothing1,clothing,,3,1.4586,105,/data/datasets/pvtt_new/pvtt-evaluation/datasets_new/masks/0049-clothing1/00106.jpg,clothing,/data/liuluyan/sam3/sam3_pvtt_full/frames/0049-clothing1/frame_03.jpg
0049-clothing1,clothing,,4,1.8754,134,/data/datasets/pvtt_new/pvtt-evaluation/datasets_new/masks/0049-clothing1/00135.jpg,clothing,/data/liuluyan/sam3/sam3_pvtt_full/frames/0049-clothing1/frame_04.jpg
0049-clothing1,clothing,,5,2.2921,164,/data/datasets/pvtt_new/pvtt-evaluation/datasets_new/masks/0049-clothing1/00165.jpg,clothing,/data/liuluyan/sam3/sam3_pvtt_full/frames/0049-clothing1/frame_05.jpg
0049-clothing1,clothing,,6,2.7089,194,/data/datasets/pvtt_new/pvtt-evaluation/datasets_new/masks/0049-clothing1/00195.jpg,clothing,/data/liuluyan/sam3/sam3_pvtt_full/frames/0049-clothing1/frame_06.jpg
0049-clothing1,clothing,,7,3.1256,224,/data/datasets/pvtt_new/pvtt-evaluation/datasets_new/masks/0049-clothing1/00225.jpg,clothing,/data/liuluyan/sam3/sam3_pvtt_full/frames/0049-clothing1/frame_07.jpg
0050-clothing2,clothing,,0,0.2604,12,/data/datasets/pvtt_new/pvtt-evaluation/datasets_new/masks/0050-clothing2/00013.jpg,clothing,/data/liuluyan/sam3/sam3_pvtt_full/frames/0050-clothing2/frame_00.jpg
0050-clothing2,clothing,,1,0.7813,36,/data/datasets/pvtt_new/pvtt-evaluation/datasets_new/masks/0050-clothing2/00037.jpg,clothing,/data/liuluyan/sam3/sam3_pvtt_full/frames/0050-clothing2/frame_01.jpg
0050-clothing2,clothing,,2,1.3022,60,/data/datasets/pvtt_new/pvtt-evaluation/datasets_new/masks/0050-clothing2/00061.jpg,clothing,/data/liuluyan/sam3/sam3_pvtt_full/frames/0050-clothing2/frame_02.jpg
0050-clothing2,clothing,,3,1.8231,84,/data/datasets/pvtt_new/pvtt-evaluation/datasets_new/masks/0050-clothing2/00085.jpg,clothing,/data/liuluyan/sam3/sam3_pvtt_full/frames/0050-clothing2/frame_03.jpg
0050-clothing2,clothing,,4,2.3439,107,/data/datasets/pvtt_new/pvtt-evaluation/datasets_new/masks/0050-clothing2/00108.jpg,clothing,/data/liuluyan/sam3/sam3_pvtt_full/frames/0050-clothing2/frame_04.jpg
0050-clothing2,clothing,,5,2.8648,131,/data/datasets/pvtt_new/pvtt-evaluation/datasets_new/masks/0050-clothing2/00132.jpg,clothing,/data/liuluyan/sam3/sam3_pvtt_full/frames/0050-clothing2/frame_05.jpg
0050-clothing2,clothing,,6,3.3857,155,/data/datasets/pvtt_new/pvtt-evaluation/datasets_new/masks/0050-clothing2/00156.jpg,clothing,/data/liuluyan/sam3/sam3_pvtt_full/frames/0050-clothing2/frame_06.jpg
0050-clothing2,clothing,,7,3.9066,179,/data/datasets/pvtt_new/pvtt-evaluation/datasets_new/masks/0050-clothing2/00180.jpg,clothing,/data/liuluyan/sam3/sam3_pvtt_full/frames/0050-clothing2/frame_07.jpg
