{
  "SAM2": {
    "J_mean": 0.8950039824787066,
    "F_mean": 0.9358841955185496,
    "J&F": 0.9154440889986282,
    "J_per_video": {
      "bike-packing": 0.9096206916046493,
      "blackswan": 0.960914672936899,
      "bmx-trees": 0.7048088308753077,
      "breakdance": 0.9667406717542697,
      "camel": 0.9792378545090128,
      "car-roundabout": 0.9879703953466926,
      "car-shadow": 0.9771285840943247,
      "cows": 0.9745657693075022,
      "dance-twirl": 0.9469197887745395,
      "dog": 0.9655609626175481,
      "dogs-jump": 0.9446592541588343,
      "drift-chicane": 0.9234880638389261,
      "drift-straight": 0.9684787099902422,
      "goat": 0.9328715611606747,
      "gold-fish": 0.9391979713104652,
      "horsejump-high": 0.8822889666445326,
      "india": 0.8241748852499102,
      "judo": 0.9064488229899209,
      "kite-surf": 0.6098046259518907,
      "lab-coat": 0.6598571729673729,
      "libby": 0.9182210735429757,
      "loading": 0.95696526020564,
      "mbike-trick": 0.8951449034461835,
      "motocross-jump": 0.9203760457047337,
      "paragliding-launch": 0.5642655014251334,
      "parkour": 0.9584823408920112,
      "pigs": 0.9327436232363165,
      "scooter-black": 0.9118649577463033,
      "shooting": 0.9179328464820532,
      "soapbox": 0.9093846655963316
    },
    "F_per_video": {
      "bike-packing": 0.9068001198534447,
      "blackswan": 0.9789621876075618,
      "bmx-trees": 0.9273249747697218,
      "breakdance": 0.987496847095163,
      "camel": 0.9967382273738529,
      "car-roundabout": 0.9622893862141891,
      "car-shadow": 0.9915678227740908,
      "cows": 0.990711500775943,
      "dance-twirl": 0.968112217883554,
      "dog": 0.9755831113764728,
      "dogs-jump": 0.9848149144905138,
      "drift-chicane": 0.9798035320876135,
      "drift-straight": 0.9673795991418943,
      "goat": 0.9465771679200252,
      "gold-fish": 0.9534754873514438,
      "horsejump-high": 0.9725487380435864,
      "india": 0.8026566301818775,
      "judo": 0.9145777575316028,
      "kite-surf": 0.8387839167865107,
      "lab-coat": 0.7272054904762617,
      "libby": 0.9853296356534179,
      "loading": 0.9895671119414078,
      "mbike-trick": 0.902016229079139,
      "motocross-jump": 0.918340009942057,
      "paragliding-launch": 0.741936698506746,
      "parkour": 0.9879042571663228,
      "pigs": 0.9528603827889458,
      "scooter-black": 0.9325319309865031,
      "shooting": 0.9342743105485691,
      "soapbox": 0.9583556692080522
    }
  },
  "GSAM2": {
    "J_mean": 0.8950039824787066,
    "F_mean": 0.9358841955185496,
    "J&F": 0.9154440889986282,
    "J_per_video": {
      "bike-packing": 0.9096206916046493,
      "blackswan": 0.960914672936899,
      "bmx-trees": 0.7048088308753077,
      "breakdance": 0.9667406717542697,
      "camel": 0.9792378545090128,
      "car-roundabout": 0.9879703953466926,
      "car-shadow": 0.9771285840943247,
      "cows": 0.9745657693075022,
      "dance-twirl": 0.9469197887745395,
      "dog": 0.9655609626175481,
      "dogs-jump": 0.9446592541588343,
      "drift-chicane": 0.9234880638389261,
      "drift-straight": 0.9684787099902422,
      "goat": 0.9328715611606747,
      "gold-fish": 0.9391979713104652,
      "horsejump-high": 0.8822889666445326,
      "india": 0.8241748852499102,
      "judo": 0.9064488229899209,
      "kite-surf": 0.6098046259518907,
      "lab-coat": 0.6598571729673729,
      "libby": 0.9182210735429757,
      "loading": 0.95696526020564,
      "mbike-trick": 0.8951449034461835,
      "motocross-jump": 0.9203760457047337,
      "paragliding-launch": 0.5642655014251334,
      "parkour": 0.9584823408920112,
      "pigs": 0.9327436232363165,
      "scooter-black": 0.9118649577463033,
      "shooting": 0.9179328464820532,
      "soapbox": 0.9093846655963316
    },
    "F_per_video": {
      "bike-packing": 0.9068001198534447,
      "blackswan": 0.9789621876075618,
      "bmx-trees": 0.9273249747697218,
      "breakdance": 0.987496847095163,
      "camel": 0.9967382273738529,
      "car-roundabout": 0.9622893862141891,
      "car-shadow": 0.9915678227740908,
      "cows": 0.990711500775943,
      "dance-twirl": 0.968112217883554,
      "dog": 0.9755831113764728,
      "dogs-jump": 0.9848149144905138,
      "drift-chicane": 0.9798035320876135,
      "drift-straight": 0.9673795991418943,
      "goat": 0.9465771679200252,
      "gold-fish": 0.9534754873514438,
      "horsejump-high": 0.9725487380435864,
      "india": 0.8026566301818775,
      "judo": 0.9145777575316028,
      "kite-surf": 0.8387839167865107,
      "lab-coat": 0.7272054904762617,
      "libby": 0.9853296356534179,
      "loading": 0.9895671119414078,
      "mbike-trick": 0.902016229079139,
      "motocross-jump": 0.918340009942057,
      "paragliding-launch": 0.741936698506746,
      "parkour": 0.9879042571663228,
      "pigs": 0.9528603827889458,
      "scooter-black": 0.9325319309865031,
      "shooting": 0.9342743105485691,
      "soapbox": 0.9583556692080522
    }
  },
  "Cutie": {
    "J_mean": 0.8778076823653495,
    "F_mean": 0.9152414078226735,
    "J&F": 0.8965245450940115,
    "J_per_video": {
      "bike-packing": 0.8588685207195873,
      "blackswan": 0.9651364883827,
      "bmx-trees": 0.6682309892811402,
      "breakdance": 0.9440851241121864,
      "camel": 0.9770044754700682,
      "car-roundabout": 0.987392927610426,
      "car-shadow": 0.9758152733725376,
      "cows": 0.9741980486376818,
      "dance-twirl": 0.9117597996380218,
      "dog": 0.9646257999390112,
      "dogs-jump": 0.938016665291017,
      "drift-chicane": 0.8863277792632634,
      "drift-straight": 0.9590943062620525,
      "goat": 0.9256029605037597,
      "gold-fish": 0.9342504701096115,
      "horsejump-high": 0.8738063773163063,
      "india": 0.7811313864903778,
      "judo": 0.8934211205635951,
      "kite-surf": 0.5821121259451147,
      "lab-coat": 0.6419270529159576,
      "libby": 0.9258965461116794,
      "loading": 0.8707977470157547,
      "mbike-trick": 0.8572945815698382,
      "motocross-jump": 0.8980381190669349,
      "paragliding-launch": 0.5760462621197329,
      "parkour": 0.9547525386245875,
      "pigs": 0.9371323708334738,
      "scooter-black": 0.8879043537271312,
      "shooting": 0.91136037117721,
      "soapbox": 0.8721998888897299
    },
    "F_per_video": {
      "bike-packing": 0.8951654158366523,
      "blackswan": 0.9863204362689233,
      "bmx-trees": 0.904047302581386,
      "breakdance": 0.9533024698934518,
      "camel": 0.9953904549221126,
      "car-roundabout": 0.9727284884070995,
      "car-shadow": 0.991427517347546,
      "cows": 0.9927086026553945,
      "dance-twirl": 0.8953453923585974,
      "dog": 0.9691994077758678,
      "dogs-jump": 0.9780779080597412,
      "drift-chicane": 0.9223156000635109,
      "drift-straight": 0.9425954721248998,
      "goat": 0.9330911502772532,
      "gold-fish": 0.9446215816808791,
      "horsejump-high": 0.9682060954487295,
      "india": 0.7676603250531223,
      "judo": 0.8925552888416695,
      "kite-surf": 0.8157777410526945,
      "lab-coat": 0.7123561632350223,
      "libby": 0.9908045947135179,
      "loading": 0.9058801915439438,
      "mbike-trick": 0.8596314100083232,
      "motocross-jump": 0.8822811166634397,
      "paragliding-launch": 0.7409055474720739,
      "parkour": 0.9825981112388488,
      "pigs": 0.9572640968781503,
      "scooter-black": 0.905633265184326,
      "shooting": 0.9033441882423127,
      "soapbox": 0.8960068988507146
    }
  },
  "DEVA": {
    "J_mean": 0.8755795646073097,
    "F_mean": 0.9148792727984055,
    "J&F": 0.8952294187028575,
    "J_per_video": {
      "bike-packing": 0.8614711706649978,
      "blackswan": 0.9648436995754994,
      "bmx-trees": 0.6587192704900959,
      "breakdance": 0.9319662793230908,
      "camel": 0.9769349244113048,
      "car-roundabout": 0.9878310343567258,
      "car-shadow": 0.9733990869945123,
      "cows": 0.972597843753759,
      "dance-twirl": 0.9096381603100248,